Item_Identifier,Outlet_Identifier,0
NCF31,OUT049,2309.6938
FDD59,OUT046,1416.1998
FDQ52,OUT049,4057.7124
FDP09,OUT027,5191.0454
FDK24,OUT035,934.1271
NCA18,OUT046,1872.0869
NCE07,OUT045,2190.6243
FDM45,OUT035,2061.121
FDQ32,OUT046,2027.5054
FDI34,OUT035,3701.234
FDE14,OUT013,1483.6929
DRF37,OUT017,4430.8726
FDW44,OUT017,2779.6296
FDC59,OUT049,1058.5262
NCI29,OUT010,286.72156
FDV38,OUT018,504.7627
FDZ49,OUT013,3444.6157
DRD49,OUT045,3824.2217
FDA02,OUT046,2275.9673
FDX20,OUT018,3197.5415
FDS24,OUT013,1450.2076
FDI58,OUT046,1570.1063
FDQ60,OUT019,344.20056
FDJ27,OUT049,1756.7322
FDV27,OUT017,1696.0311
NCL41,OUT046,654.9018
NCP29,OUT046,1022.3951
FDC45,OUT027,4375.0728
FDN33,OUT013,1338.0856
DRC01,OUT045,728.32416
FDL57,OUT045,4169.3394
NCF42,OUT010,370.5392
FDG50,OUT046,1532.2322
FDH22,OUT049,1949.3662
FDO36,OUT049,2841.4546
FDY04,OUT018,2117.4028
FDZ09,OUT035,2618.6387
FDH28,OUT049,515.1648
FDN32,OUT049,3267.2397
DRJ37,OUT027,4048.6812
FDE57,OUT017,2268.4783
FDG05,OUT045,2278.484
FDI09,OUT018,3616.335
DRD12,OUT027,2574.178
FDD02,OUT010,139.40149
FDI36,OUT046,3256.0708
DRK39,OUT049,1255.6344
FDH44,OUT035,2505.6265
FDS56,OUT049,5029.46
DRJ59,OUT045,522.98615
NCA30,OUT010,454.64078
FDF17,OUT045,2860.4736
NCX18,OUT046,3159.5513
NCO53,OUT018,2476.368
FDT23,OUT049,1334.3301
NCJ19,OUT046,854.865
FDI05,OUT017,1158.9249
NCJ19,OUT010,171.44774
NCS29,OUT027,6710.177
NCC06,OUT013,1824.2332
FDJ12,OUT017,3429.0894
FDW48,OUT013,1197.9634
FDX32,OUT017,2373.6123
FDH02,OUT027,2906.7769
FDD16,OUT046,1131.1201
FDR09,OUT027,6253.1865
FDB32,OUT018,1152.5751
FDP11,OUT013,3331.1077
FDG09,OUT049,3213.542
FDF21,OUT013,2866.4224
NCJ19,OUT027,1469.9146
FDY03,OUT010,225.89017
FDK58,OUT013,1507.8676
FDC26,OUT049,1685.5483
FDN15,OUT018,2099.6362
DRH11,OUT027,1313.9906
NCK17,OUT013,583.96985
DRC01,OUT046,831.3165
FDD03,OUT035,3652.9636
NCY17,OUT049,711.1527
DRY23,OUT049,615.1581
FDT50,OUT035,1523.6996
FDC38,OUT013,1905.5592
NCN06,OUT010,305.30978
FDP56,OUT027,1707.2751
FDW34,OUT045,3910.8313
FDU07,OUT035,2435.3142
NCO55,OUT018,1351.2168
FDL16,OUT017,549.5179
FDT59,OUT045,3695.7642
DRF01,OUT027,3592.5632
NCS06,OUT045,4133.378
FDY13,OUT019,365.9296
DRF36,OUT010,475.68204
FDV10,OUT046,751.8513
FDE09,OUT010,106.35449
FDC20,OUT045,862.89935
FDI58,OUT017,1566.4279
FDI56,OUT017,1536.9753
NCI17,OUT018,1142.7137
NCE19,OUT049,824.22504
FDA26,OUT019,408.0364
FDR01,OUT018,2778.3762
FDC32,OUT027,2499.6477
FDF11,OUT049,4508.9863
FDH46,OUT046,1805.4325
FDY33,OUT019,416.84027
DRG23,OUT046,2240.9453
FDY04,OUT027,4019.0996
FDE26,OUT045,2199.1936
NCU42,OUT035,2691.9502
NCO42,OUT035,2378.1685
FDU25,OUT049,922.7539
FDW02,OUT027,3434.0005
FDS22,OUT046,828.02466
FDG57,OUT035,889.3277
FDQ25,OUT018,2422.2517
NCS06,OUT018,3719.0044
FDC29,OUT027,2893.2632
NCZ41,OUT035,2153.1626
FDW23,OUT046,703.00116
FDB03,OUT049,4232.774
FDN25,OUT019,469.12708
NCN05,OUT046,3027.462
FDV43,OUT027,1566.0273
FDG44,OUT049,793.3336
FDS12,OUT018,1642.0969
FDI52,OUT013,1601.0541
FDU12,OUT049,4915.0576
FDG58,OUT035,2597.458
FDA16,OUT018,2948.0469
NCD18,OUT035,3607.5205
FDI21,OUT013,901.3826
FDW31,OUT017,3235.2332
FDB35,OUT018,1250.2944
FDK58,OUT027,2955.2668
FDU14,OUT046,4261.8364
NCP43,OUT018,2394.313
FDM20,OUT027,6425.062
FDT36,OUT027,1280.3901
FDW19,OUT018,1412.6516
FDB29,OUT049,1659.1697
FDN39,OUT017,2945.4463
FDI02,OUT046,1830.019
FDA46,OUT027,4819.068
FDV36,OUT017,2137.2212
FDE35,OUT013,836.1893
FDT46,OUT035,911.5944
FDS21,OUT019,414.46246
DRD12,OUT017,1449.9568
FDR14,OUT019,447.4339
FDG22,OUT027,1305.9009
FDX58,OUT049,2972.5947
FDB40,OUT027,4004.221
FDJ36,OUT010,116.13147
NCL53,OUT010,464.0129
NCX05,OUT045,1708.8878
FDO21,OUT046,3614.4727
NCF07,OUT018,1294.8749
FDU20,OUT013,1851.3358
FDK09,OUT010,710.0591
FDY57,OUT035,1646.2812
FDD51,OUT027,1562.8948
FDA49,OUT027,2764.4624
FDG33,OUT046,2823.4702
FDG35,OUT049,3010.236
FDC52,OUT045,2231.618
FDS34,OUT017,1898.4426
NCY05,OUT049,597.3585
FDO46,OUT035,3128.2522
FDY20,OUT049,1385.0107
FDA13,OUT035,696.7554
FDS04,OUT013,1971.8152
FDU51,OUT017,3160.2495
FDK50,OUT018,2225.4321
FDO60,OUT013,660.7226
FDM13,OUT017,1938.3385
FDU12,OUT027,6591.507
NCG54,OUT018,2263.768
FDH40,OUT010,211.58827
NCI06,OUT019,360.28937
FDA58,OUT035,3755.9692
FDJ02,OUT017,2391.532
FDP21,OUT018,2698.7334
FDN57,OUT035,2339.082
FDV26,OUT027,4990.8022
FDZ21,OUT049,1465.5262
FDG21,OUT027,3993.8086
FDF26,OUT018,2144.0537
FDC39,OUT013,3041.314
FDQ24,OUT018,3694.689
FDC41,OUT017,1103.5337
NCO14,OUT010,213.72545
FDE05,OUT027,3507.0872
FDW52,OUT027,4007.3557
FDL36,OUT027,2583.3872
FDS04,OUT035,2081.925
NCC18,OUT049,2547.2854
FDN01,OUT018,2190.0435
FDY02,OUT010,833.6758
FDV15,OUT017,1840.5415
FDC34,OUT045,2186.5303
FDX10,OUT017,649.5358
NCF19,OUT013,596.1086
FDE17,OUT017,2312.5618
FDJ08,OUT018,2566.4512
NCN53,OUT013,503.37747
FDC16,OUT046,1482.0029
FDO15,OUT018,1080.2598
FDQ23,OUT027,2957.1006
DRF37,OUT013,4451.386
FDN40,OUT035,2330.8176
FDN24,OUT027,1792.1316
FDF16,OUT017,2249.3523
FDH27,OUT049,2120.4722
FDY52,OUT017,931.616
NCH55,OUT027,3146.1558
NCH18,OUT035,3937.751
DRC01,OUT013,790.9702
NCO14,OUT035,701.2693
DRG39,OUT046,840.113
DRK13,OUT013,2977.2468
FDD41,OUT045,1411.3647
FDQ19,OUT027,6417.802
FDX58,OUT010,480.17365
FDK40,OUT027,6345.378
FDI52,OUT017,1904.7043
FDT28,OUT013,1994.312
FDH52,OUT017,921.0305
FDZ38,OUT046,2657.2507
FDF12,OUT017,2486.498
NCE06,OUT027,3774.1672
FDO45,OUT049,1459.3783
NCS18,OUT045,1516.666
NCE54,OUT045,1007.24426
FDB50,OUT045,1100.935
FDZ20,OUT045,4466.2944
FDB11,OUT045,3743.2603
FDU22,OUT013,1772.3369
FDY48,OUT018,1422.3735
NCP30,OUT035,715.2747
FDD08,OUT035,728.0323
NCG42,OUT049,1961.3672
NCT30,OUT017,774.004
FDT37,OUT013,4346.725
FDU04,OUT049,1718.717
NCH30,OUT046,1868.2266
DRG37,OUT013,2183.441
FDS13,OUT046,4647.32
FDQ47,OUT018,701.1875
FDY26,OUT035,3341.1592
FDB14,OUT018,1231.4005
FDV45,OUT019,279.6865
FDR23,OUT018,2541.424
NCS29,OUT013,4558.0366
FDK33,OUT027,5431.499
FDW24,OUT027,1775.2362
FDR08,OUT017,1917.1196
FDB45,OUT013,1543.7891
FDW32,OUT013,1216.6664
FDN21,OUT035,2700.2932
FDH56,OUT035,1945.7944
FDQ07,OUT049,4048.2297
FDU58,OUT027,4817.995
FDK36,OUT013,722.5275
NCG18,OUT027,2412.2402
FDQ26,OUT027,1702.2968
DRL47,OUT027,2723.7625
DRJ11,OUT017,2902.0642
FDB41,OUT018,717.5582
NCA06,OUT046,566.1696
NCZ41,OUT045,1969.3901
NCD54,OUT017,2415.9373
FDM34,OUT027,3334.587
FDL57,OUT013,4154.5737
NCD30,OUT013,1396.6692
FDH17,OUT046,1586.3142
FDD57,OUT035,1649.9347
FDC58,OUT018,563.63055
FDX47,OUT046,2608.1504
FDC50,OUT045,1356.1226
NCS53,OUT027,4355.4775
FDY13,OUT018,948.073
FDP44,OUT035,1725.2899
FDH60,OUT019,303.29965
FDR02,OUT010,87.6424
FDK48,OUT027,2200.1636
FDO24,OUT010,309.27896
FDE20,OUT013,2451.0056
FDM04,OUT046,819.20044
NCH07,OUT019,354.73413
DRP35,OUT046,1845.515
FDO11,OUT046,4386.094
NCM30,OUT046,679.50085
DRF27,OUT027,4058.162
NCR18,OUT027,1344.0569
FDS48,OUT027,4153.4507
FDO32,OUT049,650.5271
NCP05,OUT017,2545.9548
FDF44,OUT027,3819.2139
FDX56,OUT046,3411.2131
FDE46,OUT027,3974.6184
FDQ09,OUT027,2939.3901
NCB54,OUT013,1894.1284
NCV18,OUT035,1359.4917
NCG55,OUT049,1803.1768
FDV14,OUT035,1467.4432
FDT31,OUT013,2959.1643
DRD12,OUT045,1257.4703
FDZ40,OUT018,606.61743
DRI11,OUT010,168.04457
FDP23,OUT045,3490.8682
FDY02,OUT035,4460.847
FDM03,OUT046,1978.7892
FDF35,OUT049,1700.2162
DRM37,OUT017,3107.825
NCV41,OUT049,1742.5497
NCK53,OUT027,2953.6736
FDW23,OUT045,566.8831
FDW12,OUT013,2234.8147
FDG44,OUT035,931.52405
FDJ36,OUT035,1808.8203
FDX55,OUT046,3607.815
DRG13,OUT018,2209.1821
NCD06,OUT013,648.01263
FDW22,OUT027,5658.406
FDD33,OUT045,3666.6074
FDG24,OUT035,1493.266
FDE05,OUT046,2228.6604
FDZ12,OUT046,2376.8042
FDX37,OUT010,206.00514
FDE44,OUT035,789.9048
FDS52,OUT019,354.6819
FDO39,OUT018,2733.7085
FDI32,OUT045,1684.2515
FDV28,OUT017,597.3979
NCP53,OUT017,4299.78
NCN43,OUT049,1895.8241
NCI31,OUT019,425.76947
FDK55,OUT045,1538.0044
FDC17,OUT017,3248.3914
FDV28,OUT035,741.51855
FDY26,OUT018,2976.4927
NCU06,OUT049,3511.428
FDV16,OUT019,441.29752
FDY31,OUT045,2176.265
DRE37,OUT049,3375.7637
FDH33,OUT035,738.37
FDA46,OUT035,3117.673
FDP12,OUT035,796.4723
FDJ09,OUT049,713.30176
NCS54,OUT027,4239.973
FDJ33,OUT027,3158.0264
FDF32,OUT010,476.36304
FDN24,OUT019,361.7752
FDX21,OUT035,1752.6841
FDC57,OUT013,3042.1372
NCZ06,OUT018,3532.6143
FDY56,OUT013,3636.462
NCH07,OUT049,2412.3474
FDS44,OUT018,3337.2954
FDY33,OUT049,2477.5723
FDZ48,OUT045,1736.8972
FDY48,OUT045,1656.3109
FDK16,OUT027,2267.2056
FDT16,OUT046,4310.3657
FDC26,OUT010,86.66433
DRJ47,OUT018,2265.0188
FDQ04,OUT010,269.3928
FDN40,OUT046,2367.7686
FDS39,OUT013,2333.9143
FDC11,OUT018,1059.6061
FDQ39,OUT010,586.6083
FDB33,OUT049,2770.626
FDU27,OUT010,251.67363
FDM44,OUT045,1593.3108
FDT32,OUT035,2985.583
DRC13,OUT018,1751.1449
NCO07,OUT046,3357.807
FDJ16,OUT018,547.6952
FDB22,OUT027,3868.228
NCS30,OUT045,1895.9783
FDQ59,OUT027,2607.659
FDI38,OUT049,3963.5796
FDR52,OUT035,2894.587
FDT15,OUT018,2688.61
FDR52,OUT019,353.7776
FDS60,OUT018,2594.284
FDK52,OUT018,3016.2776
FDA04,OUT045,3958.8198
NCQ53,OUT045,4165.904
FDN28,OUT018,1244.2227
FDU12,OUT019,873.6591
FDT03,OUT045,2964.308
FDY57,OUT046,1553.2439
FDH56,OUT013,1664.2842
DRM23,OUT018,2160.6323
FDZ07,OUT019,440.35614
FDK40,OUT045,4231.81
FDU04,OUT046,1877.5228
DRL37,OUT017,780.0001
FDT26,OUT027,3347.263
FDT24,OUT045,1141.9696
FDX57,OUT027,2579.45
FDA55,OUT019,467.0118
NCN05,OUT045,2892.5667
FDR58,OUT045,1400.2208
FDX47,OUT013,2318.6643
NCH54,OUT018,2242.8157
NCH42,OUT035,3658.6167
FDH56,OUT045,1694.9442
FDQ48,OUT018,1387.4386
FDN20,OUT017,2759.0
FDA15,OUT013,4043.3804
FDS48,OUT019,252.82997
FDW02,OUT018,1672.0825
FDN03,OUT027,6617.562
FDF57,OUT017,2711.9219
DRM37,OUT035,3126.2905
NCD54,OUT046,2288.7139
NCQ42,OUT027,3191.891
FDW49,OUT035,2891.3425
DRI03,OUT013,2568.1353
FDD14,OUT045,2638.0098
FDN02,OUT046,3287.8284
FDQ45,OUT027,4716.7905
FDX56,OUT018,2849.9163
FDE51,OUT019,469.84747
FDT47,OUT045,1554.3895
FDM22,OUT035,1019.148
FDB27,OUT045,2950.9116
FDE02,OUT027,2596.6506
FDD38,OUT035,1847.5741
FDF34,OUT017,3146.8562
FDP15,OUT010,858.6295
NCI29,OUT017,2479.9995
FDU27,OUT017,929.9577
NCD55,OUT027,1330.3999
FDU37,OUT046,1428.7412
FDA01,OUT017,1175.9744
FDS13,OUT045,4487.942
FDK55,OUT018,1257.6755
FDR36,OUT035,866.8705
DRK49,OUT049,678.4601
DRM23,OUT027,3872.0164
FDH47,OUT010,116.203545
FDZ21,OUT018,1259.8997
FDI57,OUT017,3453.2935
FDK26,OUT019,343.91083
FDQ36,OUT035,738.2654
FDJ58,OUT019,358.21057
FDD45,OUT045,1319.7301
FDG50,OUT045,1365.5261
FDO36,OUT019,331.82077
NCW42,OUT018,3116.2253
NCH18,OUT010,752.5722
FDY59,OUT027,2698.935
NCO42,OUT045,2127.816
FDM45,OUT017,2045.3972
NCV29,OUT010,489.7207
FDT08,OUT027,4097.413
NCQ43,OUT019,377.38904
NCA54,OUT013,2589.733
FDW55,OUT035,4354.366
FDI10,OUT027,4256.1606
NCS53,OUT019,215.70224
FDZ35,OUT027,3013.3616
FDF10,OUT013,2134.1243
FDO38,OUT017,1313.1603
FDY45,OUT017,4255.836
FDC40,OUT018,940.7175
NCO54,OUT049,845.64746
FDQ14,OUT018,1938.7605
FDM10,OUT013,3108.708
DRK23,OUT017,3757.2605
NCR17,OUT013,1656.5553
FDG31,OUT019,271.8166
FDH02,OUT045,1437.2551
DRH37,OUT017,2610.6719
DRC36,OUT017,2820.24
FDB56,OUT045,2839.8672
NCK54,OUT045,1654.7795
NCQ17,OUT013,2267.8623
FDM13,OUT018,1556.4473
FDT44,OUT018,1460.7844
FDO28,OUT019,359.62128
NCK07,OUT017,2643.2214
NCP05,OUT046,2405.3694
FDX11,OUT046,2881.556
FDS52,OUT045,1331.6237
FDB14,OUT045,1328.998
NCY06,OUT027,3078.0881
FDS45,OUT017,1813.45
DRF23,OUT046,2636.4395
FDD33,OUT027,6190.155
NCA53,OUT018,585.34424
FDC46,OUT035,3047.1702
NCW41,OUT035,2697.8743
FDZ39,OUT018,1556.3247
FDE51,OUT017,733.8566
FDG32,OUT027,5530.7056
NCK07,OUT045,2368.4756
NCQ41,OUT035,3192.4844
FDL36,OUT045,1405.971
FDQ26,OUT049,949.38574
FDR02,OUT017,1840.553
FDV59,OUT018,3115.5962
FDZ33,OUT010,297.7491
NCT41,OUT045,2267.0923
FDB17,OUT010,398.4906
FDN44,OUT046,2567.4124
FDE45,OUT013,2624.0962
FDG47,OUT017,4806.0723
NCP02,OUT027,1570.3064
FDW02,OUT046,2085.4172
NCM53,OUT046,1785.9209
FDD47,OUT013,2476.1606
FDE28,OUT035,3503.8296
FDV12,OUT018,1398.6733
FDE36,OUT018,2396.365
FDU45,OUT046,1943.3752
FDP28,OUT013,3851.0654
FDH33,OUT045,573.60016
FDO44,OUT035,1877.9098
FDR07,OUT019,329.31595
FDJ45,OUT035,790.862
FDS59,OUT010,128.63799
FDU34,OUT013,1772.2714
NCL06,OUT010,866.7914
FDR37,OUT010,388.54034
NCM53,OUT018,1489.6475
DRG25,OUT035,3071.1833
DRE25,OUT049,1397.6597
FDZ45,OUT045,2920.6555
NCV53,OUT010,746.5776
FDR55,OUT018,2528.6675
FDS47,OUT027,2820.0981
DRG27,OUT046,625.4664
FDA02,OUT049,2223.5015
FDF45,OUT045,855.9081
FDZ58,OUT046,1993.8523
NCH30,OUT049,1770.2588
FDN03,OUT010,872.865
FDH12,OUT049,1769.5647
NCH54,OUT010,317.292
DRH01,OUT045,2488.5132
FDX01,OUT027,3422.8865
FDD34,OUT017,2687.7747
FDC53,OUT027,2391.7512
FDO28,OUT013,1602.6443
DRJ51,OUT017,3781.207
FDD14,OUT018,2391.6807
FDW35,OUT018,524.13666
NCH18,OUT049,3996.6458
FDK20,OUT017,2073.239
FDY47,OUT046,2189.3076
FDG32,OUT013,3288.63
FDC20,OUT018,630.75354
NCS29,OUT035,4563.9795
FDG53,OUT035,2148.1382
FDV26,OUT046,3097.5364
FDE40,OUT017,1048.0372
FDM02,OUT046,1498.0948
FDU11,OUT017,1934.1002
FDB51,OUT035,1008.8179
FDQ03,OUT045,4161.5464
DRK35,OUT045,537.55237
FDZ32,OUT045,1574.1448
FDU38,OUT013,2728.315
DRM11,OUT046,3896.725
FDS36,OUT013,1724.1805
FDO52,OUT046,2609.459
FDA04,OUT049,4379.401
NCE31,OUT018,687.2804
FDC33,OUT035,3144.773
FDS33,OUT045,1321.2848
NCJ05,OUT017,2494.0894
FDN51,OUT017,4754.9155
FDZ10,OUT019,358.32977
NCQ30,OUT017,2012.4672
FDL09,OUT013,2416.669
FDU03,OUT035,3184.7505
FDQ32,OUT019,350.44452
FDI38,OUT046,3435.831
FDE36,OUT049,2733.8843
FDY02,OUT018,3733.478
NCA17,OUT045,2252.4473
DRJ25,OUT049,775.0836
FDI26,OUT045,2701.12
FDT50,OUT045,1334.3616
FDR02,OUT018,1401.8848
NCY05,OUT017,698.60126
FDI50,OUT013,3761.6143
FDW56,OUT018,2696.9663
FDS32,OUT017,2271.7969
FDT48,OUT018,2868.477
FDU57,OUT045,2210.6567
FDL51,OUT013,3169.6465
FDO52,OUT035,2678.2769
FDS57,OUT019,264.7467
FDR22,OUT046,1801.7075
FDB57,OUT013,3487.2075
FDA04,OUT013,3798.6091
FDM09,OUT010,372.84213
NCQ38,OUT019,292.0058
FDP52,OUT018,3013.747
DRK11,OUT019,377.98108
FDN40,OUT017,2281.4622
FDV58,OUT049,3216.9177
DRA59,OUT017,3049.1965
FDE23,OUT045,764.23395
FDI08,OUT045,4192.972
FDE09,OUT019,361.35153
FDG09,OUT046,2994.2178
FDS57,OUT013,2054.0728
FDW15,OUT013,2327.0168
FDH56,OUT049,1809.8339
FDM36,OUT017,2966.54
NCQ38,OUT017,1761.3931
DRE48,OUT027,5102.251
FDP33,OUT017,4294.483
FDI33,OUT046,1536.954
FDO16,OUT046,1266.2524
FDW34,OUT017,4040.1646
FDM22,OUT019,454.047
NCO07,OUT018,2885.137
FDC44,OUT045,1638.2274
DRB48,OUT049,674.71313
NCV29,OUT013,2632.673
FDE28,OUT013,3568.2654
FDP49,OUT045,617.7817
FDX59,OUT045,544.38916
FDN60,OUT035,2661.8364
DRC36,OUT035,2833.6729
FDE02,OUT019,434.16028
NCU29,OUT027,4036.3955
NCQ17,OUT010,330.3834
DRD12,OUT018,1088.5957
FDV45,OUT013,2794.7773
FDZ02,OUT027,2876.3936
FDW26,OUT019,400.4144
FDN40,OUT013,2090.7573
FDR19,OUT027,3744.2368
FDD50,OUT035,2738.0403
NCD18,OUT046,3587.1855
FDA34,OUT013,2554.9287
FDR33,OUT045,1676.1354
FDD39,OUT046,3636.1294
FDR13,OUT049,1773.0698
FDA39,OUT027,1747.4729
FDN01,OUT046,2643.047
FDU04,OUT035,1910.439
FDV10,OUT045,678.5604
NCB30,OUT045,2977.698
FDB38,OUT027,4427.879
FDB22,OUT045,2226.4438
NCS30,OUT046,2019.2034
FDK14,OUT045,1257.3655
DRJ35,OUT046,898.7548
FDX19,OUT017,3908.6519
FDX60,OUT018,965.35065
FDS01,OUT045,2728.664
NCT41,OUT035,2555.3997
DRE27,OUT035,1584.2788
FDY45,OUT049,4638.187
FDB56,OUT027,5148.548
FDS36,OUT046,1938.057
FDF59,OUT049,1993.6495
FDD11,OUT035,4254.93
FDY40,OUT017,741.7534
FDA13,OUT019,361.5338
NCX42,OUT019,298.7977
FDJ46,OUT035,2858.0066
FDH05,OUT046,3459.806
NCP50,OUT046,1268.0737
FDF28,OUT027,3271.3574
FDN60,OUT018,2209.659
FDD29,OUT013,3828.0251
FDG58,OUT017,2517.483
FDV15,OUT027,3099.4636
FDV04,OUT013,2163.5642
DRJ23,OUT013,2577.4246
FDA11,OUT027,2696.2556
FDX16,OUT045,2077.467
NCA41,OUT049,3473.855
FDP36,OUT013,781.424
FDK16,OUT035,1454.856
FDD34,OUT035,2670.7764
FDI56,OUT010,160.97594
NCO18,OUT017,2862.2522
FDB46,OUT035,3494.3933
FDN38,OUT045,4199.7393
FDW47,OUT045,1918.4664
FDQ08,OUT019,413.89215
FDR44,OUT035,2151.0422
DRH23,OUT045,589.1139
FDX01,OUT045,1820.3568
FDB05,OUT027,5951.4263
FDR08,OUT046,1764.6566
FDZ36,OUT017,3021.0293
FDI05,OUT046,1098.5105
FDF24,OUT049,1396.14
FDZ48,OUT017,1887.3568
DRL37,OUT027,1607.0076
FDM10,OUT035,3434.4895
FDP11,OUT019,497.11258
FDQ04,OUT049,506.11823
FDR49,OUT018,522.50366
FDD35,OUT027,3447.9976
FDH41,OUT019,349.46692
FDO34,OUT045,2471.8357
FDL45,OUT017,2056.6956
NCC19,OUT013,2783.1802
FDY10,OUT027,3061.435
NCV29,OUT049,2977.2666
FDC22,OUT013,2762.0024
NCP42,OUT045,2904.0396
NCX17,OUT017,3762.8657
NCO26,OUT049,1727.4238
FDU45,OUT019,386.03082
FDR34,OUT049,4077.246
FDV35,OUT018,2131.0864
FDS55,OUT027,3827.4712
FDS28,OUT045,713.7239
FDK15,OUT035,1843.84
NCP17,OUT046,1172.0408
NCE42,OUT018,3278.9905
FDA14,OUT049,2245.622
FDF57,OUT019,344.24805
NCV54,OUT019,366.09497
FDR10,OUT010,382.08255
FDT58,OUT017,2755.5093
FDC34,OUT019,403.3044
FDU44,OUT018,2238.4302
FDY08,OUT010,161.90222
FDK20,OUT019,369.74213
FDV50,OUT017,1875.172
FDO25,OUT049,3464.494
FDR14,OUT027,1417.9076
FDP27,OUT018,2785.1387
FDB27,OUT035,3168.543
FDW26,OUT049,4004.1182
NCQ50,OUT035,3397.1313
NCL55,OUT035,3927.7075
FDG28,OUT046,3738.277
FDO31,OUT027,2485.687
FDP27,OUT027,4929.273
FDR01,OUT017,3127.233
FDI08,OUT046,4298.814
DRE03,OUT049,651.5071
FDV26,OUT018,2653.5925
DRM49,OUT013,520.2853
FDI15,OUT035,4204.715
FDM15,OUT045,2420.583
FDH47,OUT035,1583.7385
NCT54,OUT013,1216.1171
DRN11,OUT045,1922.3271
FDU10,OUT018,637.91187
FDU50,OUT045,1687.9993
FDS26,OUT010,819.3163
FDC14,OUT018,627.76746
FDB17,OUT027,4243.566
DRD25,OUT010,116.8773
DRI39,OUT027,1793.3002
NCQ06,OUT049,4284.1157
FDX11,OUT013,2718.272
NCT29,OUT019,321.16977
FDS07,OUT017,1854.2836
NCQ05,OUT035,2535.9004
FDC35,OUT018,2892.6987
FDU47,OUT045,2154.9067
FDE22,OUT010,351.27786
FDA03,OUT013,2091.8657
FDY26,OUT010,618.88947
FDZ26,OUT049,4223.6753
FDQ24,OUT013,4015.5461
FDT14,OUT035,1889.3135
FDX04,OUT045,565.1211
FDC48,OUT046,1481.9543
FDC56,OUT035,1951.1937
FDU19,OUT049,2870.797
FDT55,OUT049,2656.4683
FDA45,OUT013,2572.9365
FDR51,OUT017,2620.248
FDF56,OUT010,421.0345
FDK45,OUT013,1777.4735
DRN37,OUT013,2400.0635
NCN26,OUT035,1893.8544
FDA19,OUT049,1927.4088
NCR06,OUT035,803.393
FDJ48,OUT010,825.79816
NCA05,OUT046,2454.8716
FDP04,OUT046,970.9362
FDA47,OUT046,2655.5742
FDI09,OUT045,4176.294
FDU24,OUT019,410.98462
FDI36,OUT018,2788.0254
FDC11,OUT013,1270.3503
FDY38,OUT049,4250.9243
FDF56,OUT027,4612.527
FDB44,OUT027,5400.5913
FDI15,OUT046,4474.1157
FDY59,OUT035,1623.4374
FDX34,OUT018,1599.899
FDC52,OUT019,378.04175
NCW29,OUT013,1936.1997
FDS40,OUT027,1234.5642
FDI40,OUT018,1143.1025
FDN48,OUT035,1580.7375
FDN46,OUT013,1436.4503
FDB41,OUT035,689.86755
FDT55,OUT035,2621.229
FDI22,OUT027,5198.554
FDY16,OUT045,2520.99
FDN33,OUT049,1405.7758
FDT57,OUT035,3789.939
FDZ31,OUT027,5029.359
DRM48,OUT049,539.8529
NCL19,OUT045,2169.0598
FDG50,OUT013,1295.2903
DRH25,OUT045,780.34894
FDB37,OUT027,6323.928
FDW59,OUT017,1534.5442
NCR30,OUT049,1145.7996
FDY22,OUT046,2280.5977
FDB45,OUT019,236.51772
FDC08,OUT027,5734.3413
NCK53,OUT010,92.56102
FDM27,OUT049,2600.8335
FDG17,OUT018,3369.3423
NCT17,OUT017,3076.2112
FDZ14,OUT017,1977.0272
FDJ28,OUT010,499.09192
FDV21,OUT018,1562.2029
DRD24,OUT010,274.886
DRF25,OUT049,567.205
FDN22,OUT018,3502.9695
FDV04,OUT010,241.98167
FDL34,OUT018,1905.6912
FDX58,OUT035,2931.9297
FDG12,OUT018,1686.9993
NCL53,OUT045,2693.713
FDV47,OUT018,1116.5065
FDA43,OUT027,5116.7847
NCM17,OUT017,840.6396
NCQ02,OUT049,2920.3064
FDN12,OUT017,1851.9218
NCX06,OUT019,298.3825
FDE24,OUT045,2181.2832
FDQ58,OUT018,2065.6616
FDH31,OUT049,1855.5872
NCH55,OUT018,1704.9856
NCC54,OUT049,4315.655
NCT06,OUT019,358.51102
FDH56,OUT019,327.24442
FDY46,OUT017,2974.1248
NCM19,OUT013,1547.5413
FDB04,OUT027,2570.7842
FDB09,OUT035,2038.0001
FDK51,OUT027,6697.538
FDB33,OUT019,331.34305
FDU51,OUT035,3070.439
NCE30,OUT019,383.28882
DRI13,OUT018,3143.6123
FDV32,OUT045,939.03284
DRH51,OUT049,1323.0455
NCW18,OUT013,3519.7065
FDI12,OUT049,1494.1805
FDQ14,OUT035,2411.2412
FDQ55,OUT027,3362.9468
FDG26,OUT013,4404.7593
NCW29,OUT019,302.51352
FDK27,OUT035,2239.9949
DRL49,OUT035,2290.4062
FDK26,OUT049,3195.4072
FDT14,OUT027,3181.2437
FDW19,OUT010,155.72801
FDF22,OUT017,3387.3262
NCQ43,OUT049,1596.745
NCA42,OUT027,3735.936
FDG08,OUT019,405.35892
NCP17,OUT010,58.656776
FDS19,OUT046,1308.372
DRQ35,OUT018,1446.7849
FDR25,OUT046,4648.149
NCB43,OUT013,2814.7651
FDQ28,OUT017,2421.916
FDK24,OUT046,828.6799
NCN06,OUT035,2565.3452
FDS08,OUT035,2839.6282
FDP27,OUT013,2960.698
FDE11,OUT010,455.69904
NCX30,OUT046,3909.0134
DRI51,OUT017,2811.9465
FDH31,OUT019,301.99152
FDR19,OUT046,2243.8152
FDJ04,OUT013,1540.3855
FDP01,OUT017,2282.814
FDY35,OUT018,595.58417
DRC36,OUT013,2647.488
FDZ55,OUT017,2532.2402
FDD11,OUT013,4344.1045
NCJ29,OUT018,1155.7177
FDI52,OUT035,1839.7572
NCF06,OUT046,4145.6523
FDG16,OUT046,3168.0222
FDX07,OUT049,3344.0588
FDR14,OUT046,763.3467
FDV36,OUT010,193.33264
NCP14,OUT018,1262.7307
FDJ12,OUT013,3315.466
FDL46,OUT018,1502.8109
FDL21,OUT045,693.9812
NCA30,OUT013,2739.9668
NCN26,OUT013,1791.1581
FDJ10,OUT035,2304.658
NCE18,OUT018,3412.9395
FDW21,OUT013,1480.6567
FDA55,OUT013,3584.704
NCX30,OUT027,5953.9375
FDA20,OUT027,4925.227
FDT20,OUT013,519.4792
FDR11,OUT049,2536.8481
FDU26,OUT018,1484.0417
NCY54,OUT046,2564.7012
FDP26,OUT046,1615.0276
FDK58,OUT049,1589.3855
NCK53,OUT046,1689.9595
FDY52,OUT013,706.06335
NCU30,OUT045,2480.8984
NCA18,OUT013,1633.4438
FDX40,OUT017,550.5639
FDX13,OUT046,4260.694
FDK36,OUT027,1716.4263
NCP55,OUT019,399.3598
FDO56,OUT019,357.59122
NCT06,OUT018,2371.3608
FDX45,OUT019,401.7337
NCJ06,OUT013,1649.5305
NCA41,OUT046,3092.0603
NCB42,OUT027,3415.8386
FDE29,OUT013,702.0444
FDU24,OUT013,1492.2607
FDM58,OUT013,1640.4789
FDE44,OUT046,849.52
DRH39,OUT046,1278.7579
FDU33,OUT019,484.18817
FDW08,OUT049,1566.4338
NCT30,OUT010,243.96565
NCI54,OUT046,1729.0044
FDS16,OUT045,2060.1174
DRK39,OUT027,2263.6775
FDP24,OUT010,134.40611
NCG18,OUT035,1728.4552
DRI59,OUT027,4780.436
NCO06,OUT013,600.293
FDR15,OUT017,2794.7383
FDE29,OUT027,1424.226
FDN49,OUT035,587.74554
FDQ21,OUT013,1709.3442
FDE17,OUT035,2402.0806
NCI42,OUT018,2995.9792
FDZ21,OUT017,1656.964
FDX48,OUT018,2231.58
FDH26,OUT045,2140.815
FDD50,OUT049,2732.6787
FDL40,OUT010,87.27775
NCO02,OUT027,1968.79
FDF05,OUT013,4216.28
DRG25,OUT013,2875.809
NCA41,OUT017,3150.913
FDZ40,OUT045,637.4592
FDT15,OUT019,347.18613
FDP46,OUT035,1524.8508
DRG01,OUT019,341.73795
FDR23,OUT013,2594.726
FDF09,OUT045,488.383
FDK09,OUT027,5761.083
DRJ11,OUT035,2858.728
FDI32,OUT049,1671.0748
NCG42,OUT018,1665.175
FDA51,OUT046,1738.5317
FDG57,OUT010,148.54922
FDG34,OUT035,1888.5853
NCI43,OUT017,843.5852
NCY53,OUT046,1819.8717
FDC33,OUT013,2856.3206
NCK29,OUT049,1986.0404
FDS50,OUT017,3405.2332
NCJ30,OUT045,2526.2014
FDQ07,OUT027,5676.0415
FDI20,OUT010,598.9437
NCM06,OUT027,3541.8545
FDL15,OUT019,249.93285
NCL29,OUT010,357.69003
FDB32,OUT017,1606.9122
FDJ16,OUT049,698.05853
FDJ32,OUT045,892.5078
FDO12,OUT035,3192.7817
NCB18,OUT046,1398.2518
FDO37,OUT027,5403.7114
FDV13,OUT013,1289.7913
FDF52,OUT010,421.42657
FDY11,OUT049,1111.5547
FDL20,OUT017,1827.0708
FDS45,OUT045,1692.0753
DRJ13,OUT018,2212.2227
FDR37,OUT049,2626.9043
FDS23,OUT019,300.06433
FDX13,OUT018,3723.5166
FDT49,OUT045,1446.124
FDY13,OUT049,1228.6941
FDD47,OUT010,378.2032
FDF20,OUT010,485.6748
FDS32,OUT035,2420.6465
FDJ44,OUT027,4443.432
NCY30,OUT013,2683.191
FDK33,OUT019,476.4309
FDO31,OUT046,1386.4615
FDG10,OUT019,407.42322
DRI49,OUT018,929.46375
NCA05,OUT049,2462.1128
FDZ13,OUT046,849.12964
DRI25,OUT017,995.06085
NCA29,OUT010,379.01437
FDX43,OUT010,344.5433
FDZ08,OUT049,1235.6985
FDC58,OUT035,822.68475
NCD54,OUT027,3544.9277
FDM24,OUT035,2592.0745
FDS12,OUT035,2050.3481
NCN55,OUT018,3352.16
NCP06,OUT046,2352.2146
FDB41,OUT045,579.08826
FDJ16,OUT046,827.09186
NCB18,OUT019,479.8432
FDH38,OUT035,1983.1313
FDE59,OUT010,203.85243
NCF30,OUT049,1889.4346
FDE35,OUT027,2186.7866
FDP49,OUT019,430.46808
NCQ05,OUT027,4257.6123
FDP49,OUT013,543.8806
FDT12,OUT018,3278.5127
NCM06,OUT010,287.29434
FDV23,OUT018,1677.9928
FDA44,OUT049,876.9279
DRD27,OUT013,1311.7947
NCK53,OUT013,1516.9193
NCF19,OUT018,631.0774
NCY18,OUT049,2660.4082
FDN56,OUT027,3898.428
NCI55,OUT049,1846.9447
FDB28,OUT013,2787.3232
NCA18,OUT045,1651.6067
FDC46,OUT046,2778.5354
NCZ42,OUT035,3858.4382
DRA59,OUT027,4786.975
DRB25,OUT018,1362.7327
FDE24,OUT027,3765.151
FDA57,OUT013,512.5086
FDZ46,OUT017,1789.3184
FDX39,OUT010,651.1659
FDW35,OUT049,775.93695
FDZ55,OUT027,4262.2266
FDI04,OUT013,2766.1572
FDU46,OUT027,2561.5725
FDE14,OUT049,1572.8517
FDX23,OUT013,1372.3027
NCN18,OUT035,1801.5789
FDR02,OUT049,1672.8915
FDH04,OUT046,1355.1218
FDZ51,OUT010,142.09254
FDR15,OUT046,2712.3765
NCQ30,OUT049,1861.3087
FDW45,OUT049,2195.2979
FDQ52,OUT035,3803.1943
FDM01,OUT027,2371.2085
FDE21,OUT045,1668.1963
FDH28,OUT035,673.2953
FDQ56,OUT010,168.1245
DRM49,OUT049,769.84076
NCI29,OUT027,4084.1396
FDW44,OUT045,2609.057
FDR10,OUT049,2575.1472
FDO60,OUT035,872.86926
FDG08,OUT017,2839.167
FDP10,OUT045,1550.8842
FDG45,OUT017,3385.6257
DRM47,OUT018,2546.8945
FDO40,OUT027,3541.873
DRE37,OUT018,2582.177
FDX13,OUT013,4145.388
FDE21,OUT027,3502.0244
NCU53,OUT010,399.6397
NCH07,OUT010,290.9452
FDJ07,OUT017,2163.098
FDB46,OUT049,3614.0645
DRL01,OUT035,3701.805
FDN57,OUT019,250.02779
FDO38,OUT027,2407.683
FDA45,OUT045,2574.6091
FDP27,OUT019,356.2649
DRG36,OUT013,2455.136
DRL47,OUT046,1882.4371
NCA05,OUT019,293.2265
FDL38,OUT013,1357.4156
FDC32,OUT035,1503.6382
NCI06,OUT045,2669.563
FDI05,OUT049,1071.1885
FDR52,OUT017,2959.9907
FDU26,OUT017,1932.0126
FDG33,OUT017,3003.5696
FDE38,OUT046,2601.656
FDI35,OUT035,3077.3506
FDN23,OUT013,2203.883
NCP54,OUT035,2033.7307
FDO39,OUT013,2807.279
NCT17,OUT013,2910.2058
NCK30,OUT035,4041.809
FDM24,OUT027,3901.0242
FDA35,OUT046,2138.7148
NCM07,OUT013,1132.323
FDD09,OUT017,2914.8694
FDW07,OUT017,1425.3484
FDM27,OUT027,4244.242
NCY53,OUT018,1514.6465
FDA10,OUT017,1969.5068
DRB24,OUT035,2592.3853
NCN53,OUT027,1545.3785
FDA31,OUT045,2438.3638
FDE24,OUT017,2290.2031
FDA04,OUT018,3608.5757
FDV26,OUT045,3010.8286
FDF40,OUT027,6419.404
FDH34,OUT027,4720.9526
FDO16,OUT010,148.56361
FDZ43,OUT046,4267.6177
DRJ51,OUT049,4275.823
NCL07,OUT019,377.5152
FDU58,OUT035,3077.3381
FDI26,OUT035,2860.0718
FDG24,OUT017,1488.2306
NCM19,OUT046,1724.74
NCO29,OUT049,2808.6255
NCM05,OUT010,900.13025
NCE07,OUT046,2290.3337
FDR10,OUT017,2587.2622
FDO12,OUT049,3187.1392
FDC17,OUT046,3189.2622
FDF34,OUT010,570.22473
FDO22,OUT018,1031.6707
FDT52,OUT035,3815.9312
FDR24,OUT027,2626.544
FDP08,OUT046,2984.1787
FDF39,OUT046,4609.128
NCQ06,OUT013,3950.8674
FDR04,OUT013,1195.6307
FDQ32,OUT035,2075.8784
DRD15,OUT010,641.25104
FDB02,OUT018,2435.5212
NCS18,OUT018,1384.7422
NCS30,OUT010,235.43492
FDN15,OUT045,2343.679
NCL31,OUT017,2197.3345
FDV31,OUT010,414.7339
FDF38,OUT013,549.32806
DRK59,OUT010,699.9905
DRJ24,OUT049,3055.2527
FDW51,OUT027,5520.087
FDN49,OUT046,562.26373
FDE20,OUT017,2774.3164
FDV38,OUT045,707.4072
FDH60,OUT017,3277.692
NCD55,OUT049,567.748
FDU13,OUT017,2245.5186
FDZ07,OUT049,947.7488
FDY13,OUT045,1120.3375
FDP56,OUT045,657.7094
DRA59,OUT019,290.21136
FDY40,OUT013,584.6131
FDW40,OUT046,2174.3367
NCW17,OUT035,2164.7732
DRN37,OUT049,2797.398
FDZ19,OUT027,4723.7456
FDW34,OUT013,3877.8975
FDC28,OUT027,2508.4028
FDB29,OUT017,1746.2383
FDE26,OUT049,2200.7964
FDG45,OUT035,3345.7615
NCC18,OUT017,2679.287
NCU54,OUT018,2854.6199
FDF26,OUT017,2525.369
FDX52,OUT035,3064.1528
FDR04,OUT017,1525.8634
NCP06,OUT017,2441.366
FDN25,OUT049,711.6157
NCH42,OUT018,3200.4648
FDO46,OUT013,2792.808
NCG54,OUT046,2698.3462
FDU07,OUT013,2280.5483
DRJ11,OUT045,2745.079
FDH10,OUT049,3331.309
FDN56,OUT046,2301.719
FDY56,OUT019,432.41763
NCQ53,OUT013,3918.3315
NCN54,OUT045,1108.4697
NCC43,OUT049,4119.57
FDB35,OUT019,284.47705
FDX33,OUT013,2392.15
NCT06,OUT035,2685.984
FDM50,OUT018,748.59076
FDC37,OUT049,1777.6602
NCT54,OUT018,1123.8778
FDG34,OUT027,2800.0684
NCW54,OUT046,808.88165
FDZ46,OUT018,1411.3757
NCK19,OUT045,2764.0906
NCQ05,OUT045,2357.4602
NCE54,OUT035,1292.7504
FDH17,OUT049,1429.354
FDB23,OUT019,561.3933
DRL49,OUT046,2277.7957
FDT03,OUT046,3099.3271
FDW59,OUT045,1345.5598
NCB18,OUT045,1248.1581
FDI22,OUT017,3226.9102
FDZ50,OUT017,2817.8452
FDS14,OUT017,2498.3062
NCN19,OUT017,3089.3118
FDG46,OUT045,1772.6571
FDS04,OUT017,2167.8933
FDM58,OUT049,1788.1653
FDB60,OUT049,3320.1226
FDH28,OUT018,647.9929
NCU53,OUT045,2411.9834
FDL44,OUT013,2324.681
FDI22,OUT013,2971.141
DRM37,OUT019,323.50217
FDX40,OUT045,538.89484
DRG15,OUT035,975.7189
FDV19,OUT019,302.01062
DRF01,OUT013,1997.6417
NCV54,OUT046,1872.5039
FDO21,OUT018,3162.249
FDA40,OUT049,1308.3629
FDE59,OUT049,585.60486
FDX47,OUT018,2269.449
FDW34,OUT046,4058.4512
NCM30,OUT018,697.2543
FDA02,OUT013,2076.5212
FDV19,OUT035,2699.2488
FDT48,OUT013,2947.0327
FDD09,OUT045,2881.7097
FDZ25,OUT045,2589.5366
NCE19,OUT035,913.72925
DRE25,OUT046,1495.1041
FDC14,OUT027,1669.4705
FDO15,OUT027,2394.556
FDC46,OUT017,2937.0664
NCX42,OUT035,2718.9543
FDK52,OUT027,5414.046
FDD04,OUT019,297.23685
FDF12,OUT046,2460.7158
NCL41,OUT049,628.47174
NCW41,OUT046,2578.262
FDO60,OUT010,128.32198
FDZ55,OUT018,2179.133
FDZ59,OUT010,361.74274
FDO24,OUT027,4053.6943
FDW14,OUT018,1088.7496
FDD40,OUT013,2823.8643
FDJ38,OUT049,3352.2415
NCO54,OUT017,951.44635
FDJ10,OUT045,2147.4558
FDK27,OUT017,2187.6929
FDR09,OUT049,4674.4917
FDO60,OUT018,508.2422
FDX50,OUT027,2984.7703
FDR44,OUT027,3453.6868
FDD17,OUT017,3732.8816
FDI60,OUT018,776.7082
FDH31,OUT046,1868.7218
FDL50,OUT017,2095.9211
FDO21,OUT017,3606.628
FDW12,OUT046,2454.6157
FDT15,OUT049,3422.85
FDV25,OUT049,4038.4626
DRH13,OUT045,1579.2269
FDG21,OUT049,2462.0374
NCI55,OUT035,2027.6914
NCO06,OUT027,1148.3268
FDR27,OUT045,2198.5952
FDA22,OUT027,4576.3794
FDS03,OUT035,1238.0293
FDZ12,OUT018,1948.7051
FDJ20,OUT010,204.40651
FDV09,OUT013,2164.3933
FDW09,OUT049,1338.0042
FDS36,OUT049,1821.1877
FDY19,OUT018,1538.1224
DRC49,OUT046,2251.7761
FDN12,OUT045,1772.5298
FDJ03,OUT018,558.23096
FDC46,OUT049,2738.0483
FDM02,OUT018,1073.6567
FDV20,OUT013,1910.0334
NCH07,OUT045,2410.0503
FDL28,OUT019,503.375
FDJ46,OUT027,4297.0757
FDQ34,OUT013,1468.1599
NCD42,OUT027,1545.4752
FDO34,OUT018,2295.9111
FDX60,OUT017,1382.4054
FDZ28,OUT017,1922.8718
FDT36,OUT013,557.9459
FDL24,OUT018,2546.6611
FDJ58,OUT013,2495.111
FDY12,OUT018,596.949
FDP58,OUT018,3001.4946
FDC41,OUT027,1965.1143
FDY07,OUT013,567.97876
FDN08,OUT017,1938.8396
FDJ53,OUT027,2860.2256
FDX04,OUT046,713.5808
FDZ19,OUT046,2745.7192
FDB45,OUT046,1808.3002
NCF54,OUT010,398.95016
FDX21,OUT045,1620.9209
FDA50,OUT046,1534.1726
DRH39,OUT017,1125.6893
FDA38,OUT013,3770.025
NCP30,OUT013,591.3422
FDW19,OUT049,1808.8824
FDF41,OUT027,5838.46
DRF23,OUT035,2620.9492
NCP14,OUT017,1681.1743
FDK44,OUT027,4388.306
DRA59,OUT018,2511.27
FDC28,OUT045,1444.8015
NCO53,OUT049,3300.5112
FDY55,OUT019,788.5408
NCS54,OUT045,2646.066
NCM07,OUT017,1335.0625
FDQ19,OUT010,715.46454
FDS40,OUT013,509.30786
FDC14,OUT013,618.7222
FDR12,OUT018,2589.0708
FDM60,OUT013,639.3933
FDG26,OUT049,4943.1094
NCL55,OUT045,4090.7996
FDO21,OUT035,3707.2957
NCG18,OUT013,1384.4711
FDA27,OUT046,4532.724
DRG03,OUT010,288.75287
FDC22,OUT046,3072.505
FDC21,OUT010,123.62496
FDN50,OUT018,1187.0524
DRF27,OUT013,2187.9597
FDW57,OUT017,2916.3171
FDM34,OUT010,186.02391
FDZ39,OUT027,3235.3516
FDU28,OUT019,411.90536
FDQ27,OUT046,1915.4661
FDQ52,OUT017,3812.1067
FDT51,OUT013,1813.0859
NCI30,OUT045,3760.0085
NCX29,OUT010,279.8109
FDX38,OUT019,413.8673
FDO08,OUT017,2647.9236
FDM15,OUT018,2322.299
FDW22,OUT018,3124.0696
FDT08,OUT017,2477.7017
FDS32,OUT046,2292.4817
NCI06,OUT018,2475.1
FDR21,OUT027,4435.2603
FDD05,OUT046,1923.1758
FDZ02,OUT045,1407.0876
FDH47,OUT049,1532.5483
FDM58,OUT017,1875.7078
FDG09,OUT045,2877.7554
FDO27,OUT049,1641.5404
FDI41,OUT018,1944.9568
FDK34,OUT035,3867.6333
NCX54,OUT027,2626.8503
FDL14,OUT049,2645.649
FDA13,OUT018,575.19946
FDS11,OUT019,533.0117
FDT43,OUT017,920.471
FDR07,OUT018,1217.8241
FDF41,OUT018,3260.7104
DRM23,OUT049,2456.434
FDO52,OUT018,2210.5771
FDD10,OUT045,2673.868
FDN38,OUT019,632.254
FDE17,OUT046,2222.8704
FDZ03,OUT018,2560.0952
FDD03,OUT017,3771.6492
NCW18,OUT027,5663.655
DRG36,OUT027,4417.2188
FDT43,OUT010,142.57214
NCU17,OUT018,1323.3881
FDH50,OUT046,2868.191
FDU57,OUT013,2188.6228
FDA56,OUT027,3546.8374
FDZ15,OUT017,1911.4668
FDY51,OUT049,4212.536
DRF03,OUT046,687.2211
NCV06,OUT017,3031.7793
FDA21,OUT013,2709.5479
NCQ53,OUT027,6052.6304
NCO29,OUT027,4306.8765
FDT26,OUT018,1552.8677
FDI21,OUT035,1123.0127
NCI55,OUT013,1735.2948
FDZ04,OUT010,211.83836
FDL27,OUT046,1311.4341
FDS45,OUT035,1806.6437
NCG43,OUT019,378.39392
FDU28,OUT018,2455.66
FDO20,OUT013,4205.9277
NCG55,OUT013,1659.528
NCM42,OUT017,1860.2336
NCG07,OUT018,2550.308
NCQ29,OUT019,717.33966
NCV05,OUT010,330.5993
NCO02,OUT018,694.4782
FDH19,OUT018,2666.0437
DRG13,OUT017,2672.34
FDI57,OUT035,3338.877
FDX51,OUT045,3150.1614
FDW33,OUT049,1599.7698
DRE12,OUT013,1628.9921
FDY31,OUT035,2396.0034
FDR31,OUT049,2337.3367
FDS55,OUT035,2345.3691
DRL60,OUT035,2509.6707
FDW55,OUT010,815.33246
FDT11,OUT010,544.22894
FDO50,OUT046,1453.4504
FDD28,OUT049,769.4588
FDN28,OUT017,1579.6653
FDS35,OUT018,720.2423
FDB38,OUT035,2724.6033
FDT07,OUT018,3724.5151
FDC53,OUT046,1414.3553
NCT41,OUT046,2460.4363
FDR40,OUT027,2236.7612
FDH32,OUT018,1238.3102
FDN60,OUT045,2448.356
FDR33,OUT035,1824.4554
FDB59,OUT027,4906.834
FDS07,OUT046,1772.803
FDD02,OUT013,1745.599
FDH05,OUT035,3510.1501
FDR04,OUT049,1431.3417
DRJ47,OUT046,2561.7188
FDW50,OUT018,2189.2212
NCJ17,OUT018,1052.854
FDH60,OUT045,3199.753
DRL60,OUT045,2190.5042
FDS32,OUT010,246.55513
FDM58,OUT027,3150.204
FDK10,OUT017,2949.4597
NCS30,OUT035,1990.5199
FDY15,OUT017,2360.8413
FDC53,OUT013,1270.6252
FDK45,OUT046,2059.7869
FDH26,OUT018,1939.6675
NCW06,OUT010,501.8349
FDV37,OUT013,2921.8757
FDB52,OUT045,4338.115
FDF41,OUT046,3683.4033
FDA39,OUT049,828.60016
FDE56,OUT035,1094.3602
FDC56,OUT018,1588.8601
FDT26,OUT045,1754.413
FDR21,OUT017,2768.3818
FDC14,OUT046,791.65454
FDI32,OUT035,1865.0752
FDI02,OUT035,1879.4641
FDE22,OUT018,2186.4175
FDW26,OUT046,3596.4324
FDA36,OUT019,295.36572
NCS06,OUT027,6112.269
NCX05,OUT035,1974.3679
FDU19,OUT035,2849.3696
FDA49,OUT035,1465.244
NCZ42,OUT049,4068.7107
FDX32,OUT010,261.59186
FDR01,OUT013,3103.6082
FDQ15,OUT013,1248.753
FDQ14,OUT019,296.7832
FDS56,OUT035,4572.9067
DRJ24,OUT018,2465.3389
FDG52,OUT027,1315.0679
FDF59,OUT017,2163.2292
DRM49,OUT017,795.10516
NCP02,OUT013,752.74725
FDW13,OUT045,731.0517
FDV12,OUT017,1834.2451
FDH14,OUT017,2256.8833
FDQ20,OUT017,738.4338
FDT45,OUT013,774.17267
NCM26,OUT019,289.352
FDJ22,OUT027,4860.3887
FDD29,OUT017,4066.5056
FDA13,OUT045,537.9524
FDV47,OUT035,1482.8988
FDS57,OUT046,2365.844
DRG36,OUT035,2789.633
FDK38,OUT027,4126.4487
DRJ49,OUT035,2139.03
FDR37,OUT035,2786.6846
NCS53,OUT035,2651.326
FDR22,OUT018,1435.4525
NCP42,OUT018,2680.967
FDK38,OUT010,278.3117
NCC43,OUT046,3868.6953
FDH57,OUT049,2003.8643
FDQ25,OUT035,2842.7092
FDA11,OUT046,1650.3335
FDG31,OUT049,1138.3326
FDW28,OUT018,2529.6511
FDV14,OUT049,1344.6445
FDB60,OUT018,2809.6663
FDU43,OUT027,6021.726
DRH11,OUT045,607.92
FDC48,OUT019,339.23145
DRK39,OUT046,1260.4172
FDB20,OUT049,1168.7583
FDE51,OUT013,554.7056
FDX36,OUT013,3452.0935
NCT29,OUT046,2029.7307
FDU45,OUT049,1719.0968
FDF56,OUT049,2949.8784
FDW07,OUT010,290.58572
FDR52,OUT027,4764.8706
FDB45,OUT018,1386.9479
NCT42,OUT027,3627.9155
FDP52,OUT046,3516.4885
FDI50,OUT027,6059.1616
FDU48,OUT017,2249.8428
FDS43,OUT035,3044.2544
NCM41,OUT013,1456.19
FDP37,OUT018,1431.6421
FDJ44,OUT045,2551.897
FDY38,OUT019,471.4723
FDC20,OUT017,1009.38226
FDF02,OUT017,1697.9353
FDX38,OUT018,503.0443
FDN50,OUT027,3026.1782
FDA07,OUT045,1861.4646
FDT49,OUT027,2896.0354
FDA09,OUT049,2842.9976
FDV43,OUT017,785.7504
FDK58,OUT019,382.4176
FDL22,OUT013,1305.3265
FDP56,OUT017,891.23346
DRL47,OUT049,1828.6956
NCT17,OUT046,3072.3188
FDR12,OUT017,2872.2534
FDD39,OUT018,3002.4272
FDG04,OUT018,2383.9463
FDV19,OUT017,2660.5093
FDS55,OUT019,323.83585
FDM50,OUT013,819.297
DRF13,OUT046,2274.6453
FDJ48,OUT013,3846.3176
FDM20,OUT013,4075.4512
FDP24,OUT045,1883.4274
FDC16,OUT035,1536.0837
NCB42,OUT017,1988.1681
FDN01,OUT010,365.18332
FDT34,OUT045,1489.4429
FDA52,OUT027,4199.94
NCC18,OUT010,329.37354
NCR41,OUT017,1724.0906
FDX23,OUT017,1652.7307
FDP39,OUT010,151.39543
NCH07,OUT035,2517.77
FDW47,OUT019,229.12279
DRD13,OUT035,1028.0167
FDR48,OUT013,2207.9502
FDE17,OUT010,287.02017
FDP60,OUT046,1781.4418
FDD57,OUT017,1669.7255
FDW13,OUT010,116.473785
FDN24,OUT045,788.37524
FDJ34,OUT017,2041.3303
FDD46,OUT013,2223.528
FDF46,OUT019,364.75244
NCE43,OUT010,347.71756
FDN27,OUT035,2137.72
FDW52,OUT049,2380.2268
DRH03,OUT046,1475.9396
NCM29,OUT045,1970.1677
FDR58,OUT049,1478.9211
FDY50,OUT046,1377.3202
FDE16,OUT017,3201.079
NCE31,OUT049,558.1533
FDE53,OUT045,1482.0356
DRK11,OUT045,2106.1133
DRH13,OUT013,1608.6052
FDA11,OUT018,1194.5118
DRL35,OUT027,1219.3126
DRF36,OUT027,5173.778
FDI07,OUT017,3423.45
FDI32,OUT013,1576.8987
DRL60,OUT018,1958.9043
NCY17,OUT035,779.959
DRH36,OUT019,330.10526
FDX02,OUT035,3566.976
FDG46,OUT049,1900.8877
FDM60,OUT017,941.02295
FDJ22,OUT018,2652.415
FDU59,OUT013,2412.199
FDL38,OUT045,1401.3386
FDZ23,OUT013,2815.206
FDX52,OUT018,2586.7356
NCB42,OUT045,1746.7903
NCU18,OUT017,2200.5679
FDI32,OUT019,386.468
DRZ11,OUT013,1797.4636
NCL54,OUT017,2773.0938
FDS19,OUT035,1347.2986
DRB13,OUT049,3312.301
DRI51,OUT010,379.70163
FDS57,OUT027,3523.799
FDT39,OUT045,2519.9595
FDH48,OUT010,143.79103
NCB18,OUT010,108.46565
FDR25,OUT027,6755.1655
FDV21,OUT035,2074.0486
DRH23,OUT049,720.3918
FDS52,OUT018,1227.0061
NCC31,OUT010,324.22592
FDU03,OUT017,3239.1743
FDG50,OUT049,1431.2351
FDY31,OUT013,2156.5952
FDX39,OUT027,5474.22
FDE46,OUT019,339.20312
NCN29,OUT045,791.40314
DRF13,OUT017,2378.9734
FDT46,OUT019,340.612
FDS58,OUT046,2629.2085
FDX52,OUT019,349.55576
FDP27,OUT010,561.4342
FDX44,OUT049,1418.602
DRO35,OUT046,1669.0048
FDC59,OUT045,1040.2123
FDB12,OUT049,1756.7568
FDU26,OUT035,2011.807
NCF30,OUT018,1583.837
FDX20,OUT013,3739.18
FDN02,OUT035,3345.2295
DRC27,OUT010,707.16034
FDZ38,OUT019,228.48274
DRH25,OUT010,158.27843
FDK21,OUT046,4273.946
FDT01,OUT049,3532.4292
FDZ09,OUT049,2535.107
DRL37,OUT018,581.33215
FDN49,OUT018,662.38245
FDC22,OUT045,2880.7627
FDT33,OUT018,2286.0583
NCB43,OUT018,2563.4666
DRI25,OUT027,1758.1371
FDD21,OUT046,1877.8911
FDS23,OUT035,2042.4264
FDS13,OUT010,808.90454
DRI03,OUT019,231.65749
FDU58,OUT045,2823.73
FDL09,OUT027,4204.885
FDS12,OUT010,192.46123
FDP03,OUT013,2021.2037
FDI21,OUT027,1902.848
FDW45,OUT046,2314.39
NCA18,OUT010,221.99428
FDN32,OUT027,5028.1816
FDR15,OUT027,4340.7764
DRK11,OUT049,2204.8325
DRG49,OUT018,3538.3433
FDD29,OUT046,3927.683
FDE33,OUT010,193.77231
FDJ58,OUT010,394.9012
FDM46,OUT049,1408.9984
FDD23,OUT035,3110.5288
DRM35,OUT027,3801.972
DRC25,OUT018,1066.427
FDL36,OUT049,1419.9401
FDD41,OUT013,1414.0037
FDV19,OUT049,2710.2122
FDR44,OUT049,1964.1558
FDX50,OUT017,1816.3223
DRC25,OUT045,1324.7489
FDA15,OUT027,6334.4907
FDX22,OUT046,3359.2617
FDJ50,OUT045,806.2236
FDT13,OUT019,263.01758
FDN12,OUT013,1680.0779
FDD58,OUT045,1425.5562
FDM04,OUT013,650.43665
FDA23,OUT049,1701.8813
FDW28,OUT010,481.39136
FDA45,OUT018,2377.2908
NCO26,OUT045,1721.8925
FDV26,OUT035,3161.6174
FDC50,OUT027,2670.6226
NCV05,OUT027,4116.754
FDW48,OUT018,1074.8564
FDS55,OUT013,2157.719
FDX32,OUT045,2119.884
FDC53,OUT035,1571.9176
FDG35,OUT018,2468.2888
NCC30,OUT010,434.41663
NCZ17,OUT045,626.11145
FDZ56,OUT049,2821.088
NCS05,OUT013,2001.5266
DRC25,OUT027,2676.601
FDW59,OUT046,1458.7438
FDB36,OUT017,2287.54
FDT37,OUT045,4376.2983
FDG47,OUT035,4464.5396
FDM45,OUT045,1717.9856
FDQ40,OUT027,4317.7437
FDF34,OUT049,3461.9702
FDP24,OUT017,2036.2246
FDT55,OUT019,330.4344
FDH60,OUT046,3259.8596
FDF57,OUT035,2843.7236
NCX29,OUT046,2320.4277
FDD34,OUT013,2334.52
FDQ15,OUT049,1462.9689
FDL12,OUT035,1126.0647
FDS22,OUT013,645.2221
NCM29,OUT018,1787.2668
FDO24,OUT049,2519.0046
NCJ43,OUT046,2717.327
FDA37,OUT046,1945.949
NCM07,OUT018,954.8657
FDT49,OUT035,1714.839
FDP23,OUT035,3575.9297
DRF51,OUT018,652.4543
NCZ41,OUT017,2090.6802
DRJ11,OUT049,2804.3228
FDP37,OUT017,1799.2229
FDT60,OUT019,308.87924
FDA09,OUT035,2901.3223
FDJ46,OUT046,2695.4
FDO48,OUT013,3578.2178
FDS59,OUT018,1537.5562
FDH44,OUT046,2302.4683
NCM05,OUT035,4498.4253
NCU06,OUT019,524.1346
FDV13,OUT049,1433.0573
FDA23,OUT013,1547.8641
FDJ60,OUT017,2717.8762
FDN13,OUT049,1205.6344
DRF49,OUT035,1836.7007
FDK20,OUT018,1653.2063
FDB27,OUT027,5067.5015
NCS18,OUT046,1737.6957
FDZ49,OUT027,5624.133
FDN32,OUT035,3028.9604
FDO37,OUT049,3742.1958
NCD31,OUT018,2236.6492
NCV30,OUT027,1598.3649
FDY49,OUT049,2802.2837
FDM10,OUT027,5410.5757
FDT11,OUT046,3031.4026
FDD39,OUT013,3305.7942
NCL31,OUT035,2174.1091
FDZ47,OUT035,1778.4614
NCU18,OUT019,375.22647
FDJ58,OUT027,4259.812
FDX12,OUT010,733.6174
FDV60,OUT018,2770.2754
NCB19,OUT027,1947.2358
FDH45,OUT019,456.33936
FDB03,OUT013,3738.0007
FDI27,OUT017,808.2623
FDN22,OUT017,4144.321
FDQ37,OUT035,2806.7095
FDM02,OUT035,1519.4806
FDW38,OUT046,850.4159
FDP34,OUT019,421.3485
FDY55,OUT046,4540.1855
FDL34,OUT013,2070.757
FDA09,OUT018,2375.4895
FDM51,OUT017,1852.9309
FDI34,OUT018,3195.5117
NCD31,OUT017,2681.9526
FDW33,OUT035,1684.1167
NCP05,OUT035,2636.4602
FDL56,OUT013,1191.9341
FDN01,OUT027,4181.7456
FDA25,OUT045,1574.7717
FDF08,OUT010,189.96225
FDH08,OUT035,3726.335
DRH03,OUT049,1432.4452
FDQ31,OUT018,1083.4381
FDO10,OUT017,1100.8446
FDT39,OUT049,2612.8372
FDM22,OUT027,1681.5848
FDR21,OUT010,399.63208
FDQ01,OUT017,4368.392
FDZ03,OUT049,3159.641
NCK05,OUT018,753.9482
FDW55,OUT013,4236.6885
FDF47,OUT049,4193.072
DRO59,OUT019,423.3902
NCM55,OUT046,2854.55
FDY31,OUT017,2357.098
FDJ57,OUT019,304.9476
FDV51,OUT018,2433.435
DRG36,OUT046,2631.71
DRF13,OUT013,2054.3108
NCJ54,OUT045,3535.189
NCP42,OUT049,2929.3652
NCF30,OUT035,2010.4609
FDY44,OUT027,5226.984
FDX09,OUT049,2739.908
NCU30,OUT017,2625.5737
FDU49,OUT049,1390.7239
FDC48,OUT017,1501.405
FDJ21,OUT013,2199.2769
NCX41,OUT049,3942.7998
FDT36,OUT046,644.2654
FDK28,OUT027,6104.4688
DRI49,OUT035,1255.5898
NCM54,OUT019,348.8526
FDD48,OUT018,1625.5012
NCF30,OUT010,239.73503
FDX03,OUT049,922.4312
FDZ33,OUT013,2235.747
FDB39,OUT019,279.95816
DRM11,OUT018,3534.3875
DRE48,OUT017,3069.6904
NCL31,OUT045,2009.9856
FDB11,OUT017,3898.7449
FDX14,OUT049,1140.7428
NCM29,OUT027,3787.7883
FDH47,OUT045,1374.3651
FDG09,OUT013,2831.9602
FDP25,OUT049,3858.8845
FDY27,OUT027,4575.774
DRM59,OUT017,2294.4888
DRI03,OUT018,2476.3296
FDY03,OUT019,365.88568
NCV17,OUT049,2197.2993
NCJ17,OUT013,1204.1127
NCP54,OUT017,2018.6702
FDZ15,OUT049,1754.0089
NCR05,OUT018,2777.045
FDX03,OUT019,397.5782
FDQ12,OUT045,3798.463
FDC21,OUT013,1635.6053
FDQ40,OUT018,2325.863
FDI07,OUT027,5307.699
FDQ25,OUT049,2968.7239
NCK18,OUT035,2733.061
DRI25,OUT010,55.587196
DRA24,OUT049,2685.7725
FDA32,OUT045,3409.849
FDE59,OUT018,558.69775
FDY59,OUT046,1619.3711
FDQ20,OUT045,615.7216
FDB21,OUT018,3375.2573
FDB41,OUT019,460.05862
DRG11,OUT013,1381.9436
FDV10,OUT019,408.2529
FDI41,OUT013,2000.355
FDN10,OUT017,1963.856
NCM17,OUT018,518.1381
DRG37,OUT019,280.71945
FDA21,OUT045,2742.4377
FDM27,OUT013,2478.143
FDA32,OUT049,3814.9531
NCZ53,OUT049,3498.4304
FDW40,OUT035,2177.2769
FDS52,OUT035,1639.2019
FDM58,OUT010,210.11534
NCE54,OUT019,349.6522
FDS11,OUT035,3636.163
FDL20,OUT049,1681.1957
FDX13,OUT027,6491.856
FDR21,OUT013,2481.6526
FDV28,OUT018,673.5656
FDZ51,OUT017,1845.9692
FDD46,OUT045,2241.4946
FDE23,OUT018,567.7294
NCF55,OUT045,532.56323
FDU12,OUT013,4302.4224
FDZ22,OUT049,1354.1697
FDI44,OUT013,1076.781
FDH50,OUT017,2934.729
FDE57,OUT049,2285.752
DRJ51,OUT013,3448.9705
FDX52,OUT045,2699.0596
DRN47,OUT017,2664.2903
FDT21,OUT049,4558.5747
FDY21,OUT045,2837.3843
FDG21,OUT019,269.74536
FDS58,OUT035,2773.2002
FDA26,OUT018,3135.8289
FDY16,OUT027,4356.555
FDF20,OUT046,3298.3545
FDI15,OUT013,4196.446
FDC47,OUT010,657.5758
FDL08,OUT035,3989.0173
FDF08,OUT013,1362.1802
FDN03,OUT035,4357.769
FDG34,OUT017,1770.328
FDA56,OUT045,1747.9121
NCI17,OUT027,2642.424
NCO17,OUT049,1864.2495
FDK55,OUT017,1669.5859
FDD10,OUT017,2839.5632
NCH18,OUT013,3627.5908
NCA53,OUT045,792.0858
DRJ24,OUT010,443.11505
DRN35,OUT013,611.7363
FDC47,OUT018,3204.0945
FDN48,OUT018,1244.3779
FDR27,OUT027,3651.618
FDS33,OUT019,401.7484
DRL11,OUT035,2443.062
FDQ21,OUT017,2064.478
FDY37,OUT046,2313.3604
FDS35,OUT013,943.82324
DRD60,OUT046,2966.4824
DRP47,OUT046,3667.9458
NCY41,OUT027,1543.6052
FDR59,OUT049,5084.5947
FDM36,OUT019,296.51685
NCI42,OUT027,5026.771
FDA31,OUT017,2755.7969
FDY33,OUT035,2755.5142
FDV40,OUT045,974.11084
NCW17,OUT018,1700.6405
FDN38,OUT013,4144.68
FDQ11,OUT019,734.7075
FDG34,OUT045,1638.2493
NCN14,OUT049,2905.5435
FDY46,OUT027,4644.529
FDS11,OUT017,3677.1667
NCA53,OUT019,319.6421
NCN30,OUT010,138.86153
FDW32,OUT046,1419.9523
NCR42,OUT010,202.88069
FDU33,OUT035,846.35706
FDN15,OUT019,284.42673
FDD51,OUT019,424.0835
FDF14,OUT045,2276.7485
NCN19,OUT019,269.60388
NCO43,OUT013,1389.671
FDT19,OUT049,2784.1602
DRK12,OUT013,548.94794
DRM49,OUT045,679.02423
FDX43,OUT017,2654.6248
FDS14,OUT035,2517.9766
NCK07,OUT049,2512.1672
FDO19,OUT017,920.1328
FDH32,OUT013,1383.2152
NCZ41,OUT018,1743.1233
FDL32,OUT010,159.11104
FDC44,OUT017,1818.9802
FDQ59,OUT013,1301.0848
NCO54,OUT013,754.10016
DRH36,OUT046,1241.9496
FDY35,OUT035,879.6087
FDA46,OUT017,3097.6646
NCL18,OUT035,3024.196
FDL57,OUT049,4731.1743
NCP50,OUT018,945.3552
FDZ25,OUT019,244.77052
FDH24,OUT046,2622.0505
FDQ26,OUT017,978.75287
NCK17,OUT019,366.56943
FDO46,OUT027,4936.0996
FDW50,OUT035,2681.664
FDD29,OUT049,4537.0557
FDU26,OUT019,396.77277
FDX04,OUT027,1354.3113
FDH31,OUT027,3018.1304
FDJ45,OUT019,378.5434
FDX55,OUT035,3470.5886
FDR02,OUT046,1771.0098
NCP55,OUT045,786.40234
FDT28,OUT017,2335.033
NCJ06,OUT017,1869.927
FDF08,OUT018,1220.7087
FDT21,OUT017,4343.916
FDK22,OUT027,5496.4907
DRJ11,OUT013,2559.037
FDH27,OUT010,226.23831
FDU52,OUT019,366.46753
FDK50,OUT017,2646.2
DRJ01,OUT045,2256.7852
FDC21,OUT018,1403.5259
FDX39,OUT046,3521.1033
NCY54,OUT027,3942.2483
FDD58,OUT019,370.00113
FDW12,OUT045,2314.6294
DRE01,OUT010,739.29047
FDT16,OUT049,4708.2534
FDC16,OUT017,1448.6022
FDK52,OUT049,3567.1963
FDS23,OUT046,2066.258
FDI41,OUT035,2246.3435
FDG33,OUT018,2632.7563
NCM31,OUT018,1826.5284
NCY53,OUT027,3177.5422
FDY55,OUT049,4845.9937
FDQ21,OUT045,1771.4858
NCD18,OUT027,5507.1987
FDV09,OUT017,2452.4297
FDI19,OUT010,819.3207
FDY47,OUT049,2144.1594
DRH37,OUT049,2654.083
NCL19,OUT046,2209.9158
DRI11,OUT035,1804.1227
NCC19,OUT046,2972.7805
FDS01,OUT018,2520.3457
FDX31,OUT017,4088.1436
NCL55,OUT046,4383.616
FDW16,OUT013,1261.9009
FDT49,OUT046,1658.9727
FDW13,OUT013,665.7022
NCG30,OUT019,411.08337
FDC14,OUT049,678.39966
FDS15,OUT010,207.78749
FDS32,OUT049,2369.0735
FDE09,OUT049,1674.7931
FDM12,OUT017,3093.834
FDT57,OUT049,4242.0894
FDM32,OUT046,1468.5985
NCS38,OUT027,2720.316
NCW30,OUT017,4064.9854
FDD21,OUT017,2002.0806
FDH35,OUT049,2873.1375
NCX17,OUT045,3886.3108
NCI29,OUT035,2483.6377
FDL24,OUT049,2841.7244
FDI46,OUT046,4309.9126
DRQ35,OUT035,1893.3756
FDM04,OUT017,808.6672
NCJ17,OUT045,1186.351
NCJ18,OUT027,2576.8518
DRF13,OUT045,2130.6597
FDB39,OUT035,974.543
FDT52,OUT018,3333.6072
FDT60,OUT046,2032.3972
FDM34,OUT046,2142.444
FDY27,OUT013,2503.609
FDP08,OUT045,2935.4878
FDP59,OUT027,3110.6133
FDQ11,OUT018,3894.541
FDV01,OUT010,276.79053
FDX31,OUT013,3821.9846
NCX54,OUT010,202.19621
DRC12,OUT035,3038.399
FDU11,OUT027,3098.12
NCB30,OUT046,3128.6228
FDS27,OUT045,3170.6592
FDX16,OUT018,1906.8569
NCL53,OUT013,2608.1401
NCZ30,OUT045,1877.8892
FDB15,OUT017,4437.0054
FDY51,OUT027,5809.975
NCT18,OUT017,2929.6448
FDL32,OUT019,397.8933
FDK46,OUT018,3742.9292
FDI22,OUT019,403.06363
FDF21,OUT045,3078.5742
FDR34,OUT017,3778.5808
FDJ50,OUT049,791.4121
FDC34,OUT049,2270.3093
FDW51,OUT018,3166.4592
FDR28,OUT035,2633.9617
FDV60,OUT019,402.10242
FDI45,OUT017,2799.0278
NCB30,OUT019,343.74237
DRO59,OUT017,1109.857
FDU12,OUT035,4476.438
NCX18,OUT010,502.79492
NCH30,OUT027,2527.6768
FDE11,OUT019,328.56616
FDE32,OUT017,731.9061
FDP25,OUT010,609.03357
NCM29,OUT035,2338.067
FDQ21,OUT049,1911.7694
FDN24,OUT046,949.58307
DRY23,OUT017,754.7581
FDW04,OUT027,3326.97
FDM01,OUT018,1089.942
NCW29,OUT017,2225.9436
FDG33,OUT013,2709.4097
FDV51,OUT017,2897.3213
NCQ18,OUT017,1574.7753
NCL53,OUT018,2413.5537
FDQ39,OUT013,2968.1484
FDF46,OUT017,1826.1299
NCA06,OUT049,550.92596
FDV26,OUT019,377.0699
FDJ04,OUT035,1864.2898
FDE28,OUT010,667.5378
NCZ29,OUT013,1862.4438
FDW43,OUT046,3902.676
FDZ49,OUT049,3937.573
NCJ05,OUT035,2555.546
NCP29,OUT027,2224.531
FDS16,OUT018,1829.205
FDZ45,OUT049,3290.2114
NCP29,OUT010,195.09023
FDZ58,OUT027,3203.294
FDV55,OUT027,4038.0464
NCV53,OUT046,4245.293
FDV47,OUT019,358.5617
FDD45,OUT018,1183.8944
FDP26,OUT019,353.34125
DRD37,OUT049,749.2717
FDT09,OUT019,390.87894
FDM03,OUT027,3226.2654
FDW09,OUT017,1398.1243
FDX10,OUT046,713.62976
FDZ60,OUT049,1749.7762
FDM58,OUT046,1803.1313
FDV32,OUT035,1008.72314
FDU07,OUT019,282.7132
FDS51,OUT027,2272.271
NCT17,OUT045,2981.942
FDA01,OUT010,195.62733
FDW25,OUT046,1427.6526
FDS01,OUT017,2894.4294
NCV18,OUT045,1191.5862
FDZ04,OUT045,773.562
DRN59,OUT017,699.30005
FDD36,OUT049,1917.3342
FDT56,OUT018,663.4697
FDP09,OUT019,444.62906
FDA33,OUT017,2347.752
FDH14,OUT019,290.42798
NCF18,OUT027,4288.3447
FDF59,OUT035,2140.3406
FDC29,OUT013,1602.808
FDD32,OUT017,1423.9861
FDZ08,OUT010,98.2016
FDT21,OUT027,6098.4453
FDM33,OUT046,3387.569
NCK07,OUT035,2669.0083
NCL41,OUT018,574.249
FDZ36,OUT046,3008.4429
FDW51,OUT049,3974.8096
FDS47,OUT013,1221.9344
FDV02,OUT045,2437.2808
NCU18,OUT018,1871.1443
NCX17,OUT018,3284.4832
FDI12,OUT046,1554.8882
DRH51,OUT013,1188.5443
NCP30,OUT027,1246.6316
FDG08,OUT049,2718.27
FDX35,OUT046,3871.2092
FDY26,OUT027,5436.959
NCM43,OUT019,330.86115
NCZ54,OUT019,417.13306
FDO16,OUT045,1110.8298
FDR22,OUT010,168.8929
FDJ16,OUT017,794.6697
FDT47,OUT049,1624.71
FDZ23,OUT027,4822.64
NCB31,OUT046,4046.0515
FDM15,OUT046,2636.3696
FDX27,OUT013,1283.8235
NCS54,OUT018,2419.7273
NCJ30,OUT049,2614.365
FDD58,OUT013,1357.7307
DRJ23,OUT045,2751.8613
FDS14,OUT045,2353.3787
FDR27,OUT013,2105.4937
FDT49,OUT018,1283.8016
FDX26,OUT027,4681.1953
NCW53,OUT017,3137.5352
FDS19,OUT045,1104.6868
DRF15,OUT046,2475.0127
DRH01,OUT027,4492.3594
FDJ12,OUT045,3262.2444
NCE42,OUT027,5566.107
DRL37,OUT045,605.68274
FDJ36,OUT045,1595.7397
NCH18,OUT027,5864.527
DRI11,OUT018,1303.2867
NCO17,OUT018,1647.7019
FDS49,OUT018,927.41455
FDX43,OUT045,2444.8206
NCS17,OUT013,1377.4368
NCC42,OUT049,2240.07
NCM26,OUT045,2161.0154
FDU32,OUT046,1903.4749
FDU19,OUT018,2400.5903
NCM53,OUT017,1793.0574
FDG32,OUT045,3240.5708
FDF04,OUT018,3649.9175
NCN55,OUT035,3897.5906
FDJ34,OUT046,2073.404
FDT51,OUT010,179.6064
FDT01,OUT046,3413.1294
FDV28,OUT027,959.9784
FDD02,OUT045,1703.6035
FDW48,OUT045,1213.2178
FDF44,OUT049,2030.0845
FDY14,OUT049,5036.432
FDU59,OUT027,4263.486
FDQ10,OUT019,273.00006
FDV21,OUT010,174.80002
FDQ36,OUT049,643.91125
FDH12,OUT019,337.66882
FDV40,OUT017,1125.3494
NCF07,OUT046,1637.3472
FDA08,OUT027,4372.212
FDP33,OUT019,693.775
FDS27,OUT046,3349.2896
DRD60,OUT013,2636.2803
FDM28,OUT049,2657.2896
NCU54,OUT035,3407.0225
NCX05,OUT018,1527.5327
FDX59,OUT046,656.30396
FDE10,OUT049,2163.2915
FDW16,OUT027,2349.3442
FDW07,OUT027,2388.8545
FDG38,OUT018,1080.9302
DRC27,OUT018,3404.1924
FDT43,OUT035,925.06757
FDR44,OUT017,2147.8137
FDP26,OUT017,1640.4862
NCE55,OUT027,4142.7056
FDU39,OUT035,1253.5623
FDK27,OUT027,3554.5007
FDP32,OUT046,1973.0988
NCW54,OUT049,937.9578
FDA36,OUT013,2840.3208
FDU24,OUT049,1656.8243
FDX34,OUT046,1975.7499
FDU27,OUT013,850.37
FDQ25,OUT010,426.05573
FDY01,OUT018,1514.6079
FDH27,OUT013,2075.7422
FDL10,OUT017,1675.9595
FDL15,OUT018,2252.7446
FDT24,OUT010,170.01799
NCN55,OUT045,3738.6577
FDZ59,OUT027,4307.27
FDM57,OUT035,1391.017
FDD14,OUT049,3143.236
FDU19,OUT013,2572.4556
DRJ39,OUT045,3384.1655
FDI04,OUT046,2979.8586
NCQ54,OUT045,2534.8926
FDW12,OUT017,2487.9473
FDQ32,OUT027,3413.9282
DRG49,OUT017,4136.322
FDP58,OUT049,4023.502
FDD57,OUT049,1589.7075
DRG23,OUT035,2307.9539
NCZ17,OUT017,803.74963
DRJ11,OUT018,2460.8254
FDG16,OUT045,3037.2825
FDZ51,OUT027,2757.1538
NCN43,OUT046,1987.2335
NCN30,OUT046,1610.5647
FDP39,OUT027,1895.4835
FDP34,OUT049,2343.9377
FDM44,OUT010,151.77925
FDC28,OUT017,1704.1396
DRC24,OUT018,2008.9056
FDN46,OUT045,1426.9885
NCN53,OUT035,768.0107
FDY32,OUT019,428.48102
NCW06,OUT017,3030.3354
FDY48,OUT013,1523.5481
NCP29,OUT013,926.48413
FDB60,OUT010,541.8113
DRE60,OUT035,3524.1047
FDN51,OUT045,4749.4644
DRE15,OUT027,2420.4255
DRG15,OUT013,797.36005
FDX55,OUT019,452.69278
FDC57,OUT018,2684.5793
FDA25,OUT017,1789.6348
NCK29,OUT035,2044.1918
FDP48,OUT046,2950.604
FDP49,OUT027,1297.4508
FDL38,OUT010,123.73352
FDZ21,OUT035,1709.2671
FDQ44,OUT017,2035.2219
NCB42,OUT013,1782.2402
FDY15,OUT027,3936.5762
NCW05,OUT049,1653.5038
FDR23,OUT049,2841.2073
FDO34,OUT013,2391.689
FDZ36,OUT035,3131.7197
FDX58,OUT027,4793.9316
NCJ18,OUT046,1729.8455
FDP22,OUT017,855.30414
FDH57,OUT010,201.19945
DRF51,OUT045,479.59045
FDD51,OUT035,651.14294
FDW04,OUT045,1846.0789
FDZ21,OUT010,106.61282
NCJ30,OUT027,3973.3833
FDO45,OUT046,1473.6184
FDE41,OUT049,1270.629
DRD13,OUT027,2211.376
NCC07,OUT035,1769.2312
FDE51,OUT027,1465.208
NCG43,OUT013,1335.5845
FDS59,OUT027,3013.2554
FDV16,OUT018,715.7427
FDC03,OUT035,3105.3477
FDV60,OUT013,3038.353
FDJ60,OUT049,2769.0186
FDX20,OUT045,3700.9067
FDD17,OUT035,3711.731
FDD08,OUT017,703.0383
FDX45,OUT045,2238.315
FDM25,OUT018,2190.642
NCT42,OUT046,2301.7869
FDT02,OUT046,602.79785
FDV34,OUT013,1166.5227
NCR41,OUT046,1654.9744
FDT31,OUT018,2592.5403
FDF33,OUT010,126.54959
NCU29,OUT019,263.33087
NCB55,OUT045,736.9248
NCU18,OUT013,1960.3906
FDZ59,OUT018,2374.169
NCI29,OUT045,2077.0142
FDL03,OUT027,5397.1274
NCQ06,OUT045,3880.3496
FDY31,OUT049,2310.275
DRI03,OUT049,2948.6558
FDL38,OUT018,1192.0121
FDR37,OUT027,4241.9263
FDT59,OUT027,5706.4634
FDV28,OUT046,612.98926
NCX53,OUT013,2221.6072
FDZ12,OUT013,2073.3176
NCT05,OUT046,4685.09
FDW38,OUT035,1017.7668
FDD33,OUT013,3670.888
FDV39,OUT019,458.72488
DRE25,OUT017,1521.5054
FDC59,OUT010,147.1504
FDF58,OUT046,1116.7915
NCP50,OUT019,275.4781
FDS33,OUT013,1290.0059
FDP08,OUT049,3288.0667
FDF29,OUT035,2166.5374
NCF30,OUT046,1872.1123
FDI50,OUT045,3787.7778
FDD56,OUT017,2840.6655
NCN41,OUT010,170.50502
FDE23,OUT017,927.57764
FDL26,OUT049,2485.0725
NCB30,OUT010,534.3121
FDY50,OUT017,1388.9932
NCK19,OUT018,2635.7788
NCR38,OUT019,657.1289
FDI28,OUT046,1106.6919
FDO24,OUT046,2602.1677
FDC45,OUT045,2560.5034
FDU27,OUT049,933.0397
FDS09,OUT017,909.554
DRE13,OUT027,2766.5234
FDV15,OUT018,1446.7766
FDH26,OUT013,2172.3796
FDI22,OUT035,3320.2302
FDJ26,OUT018,3025.877
FDD26,OUT019,272.8649
NCI55,OUT027,3140.2722
FDA35,OUT027,3463.238
FDN21,OUT018,2188.669
NCM43,OUT010,355.89487
FDD09,OUT018,2465.532
FDI24,OUT045,2709.6758
NCN41,OUT019,315.34253
NCT53,OUT019,248.56226
FDQ47,OUT010,240.44571
NCD42,OUT018,533.59326
FDI21,OUT010,171.3852
FDS48,OUT010,291.8429
FDW50,OUT017,2680.4167
FDO37,OUT018,3000.7341
FDS04,OUT018,1818.9683
FDP38,OUT010,140.02983
NCF06,OUT010,866.98975
FDR35,OUT018,2835.6084
FDB04,OUT013,1152.2483
FDK16,OUT045,1267.2855
FDM57,OUT017,1463.4001
FDF45,OUT049,923.5169
FDH04,OUT018,1089.4005
FDL25,OUT018,843.9769
FDK40,OUT049,4574.4673
FDV46,OUT046,2212.6924
FDU31,OUT045,3679.1838
NCQ53,OUT049,4513.883
FDD09,OUT027,4742.163
FDY19,OUT045,1737.1125
FDI33,OUT013,1325.7687
FDG08,OUT013,2378.2368
FDE39,OUT035,1853.7377
FDH53,OUT018,957.2564
FDB09,OUT018,1647.2123
FDI22,OUT046,3217.8342
FDX24,OUT019,271.15918
FDE09,OUT045,1639.5632
FDJ57,OUT046,3231.93
DRC49,OUT035,2448.3157
FDU19,OUT045,2492.1167
FDU43,OUT013,4037.3723
FDA50,OUT013,1357.5865
NCM29,OUT017,2207.9512
FDQ13,OUT013,1224.4678
FDB26,OUT027,1970.2886
FDI21,OUT045,1031.1769
FDV25,OUT019,456.95728
FDQ23,OUT013,1625.361
FDJ41,OUT010,788.58276
NCO42,OUT049,2164.0469
FDQ13,OUT027,2650.9446
FDU47,OUT010,246.44235
FDW57,OUT046,2855.914
DRN47,OUT046,2769.2683
FDW28,OUT027,4644.0083
NCN42,OUT013,2147.7783
FDR60,OUT027,2171.895
FDO09,OUT019,945.4885
FDX45,OUT046,2461.3484
FDH27,OUT045,2108.799
FDO08,OUT035,2728.7046
FDG10,OUT018,669.6295
FDZ40,OUT049,805.16675
FDZ27,OUT017,814.1782
FDZ46,OUT049,1738.5249
FDI46,OUT018,3617.499
NCW53,OUT049,3452.8113
FDY52,OUT049,793.1421
FDU07,OUT049,2270.761
NCQ05,OUT017,2523.188
FDT16,OUT018,3611.7446
NCJ17,OUT017,1386.4675
NCY29,OUT035,984.62524
NCQ18,OUT035,1505.633
FDS02,OUT049,3142.914
NCK31,OUT018,517.16077
FDH60,OUT027,5063.1694
FDO19,OUT046,905.3126
DRF37,OUT035,4240.517
FDN21,OUT013,2331.242
FDM14,OUT035,1807.0963
FDO08,OUT018,2260.0266
FDS27,OUT017,3398.665
DRM59,OUT049,2329.5942
NCO29,OUT017,2690.5977
FDC32,OUT019,327.82184
DRA12,OUT018,1955.267
FDI14,OUT027,3625.5952
DRG51,OUT046,2489.2822
FDR33,OUT019,302.15964
FDS23,OUT017,2093.2083
NCF43,OUT045,2126.2134
DRN37,OUT035,2703.1956
FDX57,OUT017,1612.9026
NCC42,OUT045,2063.1958
FDS47,OUT046,1453.3623
DRK35,OUT010,205.03716
DRF37,OUT019,839.8451
DRI23,OUT018,2011.4899
FDB28,OUT017,3072.683
FDU50,OUT049,1741.9137
FDD22,OUT018,1409.771
FDG04,OUT035,2972.1807
FDM08,OUT049,4109.623
FDI28,OUT027,1971.116
FDM57,OUT045,1219.0872
NCS17,OUT027,2748.971
FDX44,OUT018,1151.5793
DRE03,OUT045,617.2761
FDT46,OUT018,626.5312
FDW60,OUT045,2793.038
FDE44,OUT017,821.54614
FDT24,OUT035,1371.0619
FDO20,OUT017,4259.2104
FDV47,OUT049,1388.792
FDZ26,OUT013,3698.6084
FDK48,OUT017,1295.1594
FDX32,OUT019,347.4621
FDE56,OUT019,473.91943
DRJ01,OUT018,2126.255
FDC53,OUT010,66.73454
NCN07,OUT035,2146.8809
FDI28,OUT013,938.2362
NCO55,OUT019,388.27142
FDP46,OUT046,1485.2361
FDX26,OUT013,2645.8518
FDD56,OUT046,2750.8384
FDP12,OUT017,765.305
FDT40,OUT027,2866.6956
FDV57,OUT018,2535.3208
FDZ09,OUT017,2603.3315
FDA07,OUT035,2081.9922
FDV36,OUT027,3571.8137
FDQ01,OUT035,4042.0369
FDW46,OUT013,998.99677
FDW19,OUT027,3322.8022
FDY01,OUT049,1721.3467
FDG60,OUT049,4211.5483
FDL22,OUT049,1442.1805
DRK01,OUT045,1383.7634
FDO12,OUT013,2943.2048
FDX12,OUT046,4159.364
FDR28,OUT049,2471.7073
FDH57,OUT017,2142.7195
FDC04,OUT018,3516.53
NCI06,OUT013,2657.2837
NCY53,OUT017,1903.3715
FDR22,OUT017,1880.3853
FDM33,OUT013,3243.0415
FDO57,OUT019,275.87122
FDO56,OUT018,1586.1326
FDO58,OUT027,4302.7876
FDQ45,OUT035,3068.1216
FDO60,OUT027,1428.5095
FDI34,OUT049,4097.5596
FDJ26,OUT027,5637.0776
FDV08,OUT013,539.8446
DRD60,OUT018,2371.6333
FDX20,OUT027,5918.812
FDG59,OUT018,545.7399
FDN58,OUT046,3903.1467
FDV48,OUT013,1180.8655
FDA15,OUT017,4257.432
FDI19,OUT013,4192.6934
FDX19,OUT018,3338.8252
FDO52,OUT049,2512.035
NCO05,OUT045,1449.1567
NCP17,OUT049,1012.9374
FDK56,OUT010,491.9534
NCG43,OUT046,1537.7651
DRM59,OUT027,3467.0002
FDA47,OUT017,2686.3774
FDY20,OUT013,1293.2795
FDZ22,OUT019,334.74896
FDB52,OUT013,4348.6333
NCS29,OUT017,4782.3135
DRC12,OUT049,3330.0295
FDP13,OUT019,469.91345
DRF23,OUT018,2285.0176
FDB56,OUT013,2781.9932
FDQ47,OUT017,682.88464
FDY39,OUT027,5085.8325
FDY36,OUT045,1151.1157
NCM17,OUT013,565.7279
DRN35,OUT035,608.4586
FDK22,OUT010,611.8406
FDI07,OUT019,452.42523
DRK37,OUT010,483.4397
NCP05,OUT010,309.75845
NCD42,OUT049,613.08264
FDW11,OUT049,978.11584
FDI14,OUT017,2242.381
NCY42,OUT049,2240.3179
FDV26,OUT049,3488.7493
FDX15,OUT027,4266.3765
NCG07,OUT046,2995.639
FDC44,OUT046,1797.863
FDC47,OUT035,3653.2583
NCK53,OUT049,1589.8315
FDY49,OUT019,264.70923
NCM07,OUT019,341.3876
FDR47,OUT017,3148.8884
FDS59,OUT035,1877.3176
DRK47,OUT049,3305.8433
FDZ27,OUT019,342.72455
FDE36,OUT027,4495.398
FDM51,OUT035,1958.4635
FDY48,OUT046,1769.7789
FDA35,OUT049,2030.013
NCL31,OUT018,1858.3535
FDC47,OUT013,3519.7207
FDI26,OUT027,4748.429
FDQ16,OUT045,1502.203
FDK15,OUT010,123.18982
NCO53,OUT027,4716.937
FDG12,OUT027,3593.7988
FDU28,OUT027,4636.1875
FDI20,OUT019,421.09412
DRN37,OUT010,321.62973
FDD28,OUT046,866.97064
FDP31,OUT035,1026.7526
DRD27,OUT019,289.50278
DRF01,OUT019,357.52097
DRD25,OUT018,1432.5842
FDD53,OUT017,643.29846
FDQ24,OUT045,4124.612
FDY49,OUT017,2701.5918
NCP18,OUT046,2347.0898
FDT07,OUT027,6538.0645
FDG46,OUT010,142.70322
FDH50,OUT018,2456.7756
FDS40,OUT019,480.56653
FDZ60,OUT027,2927.5037
FDG38,OUT045,1318.6221
FDG31,OUT035,1319.7999
FDS39,OUT017,2558.9043
FDL22,OUT027,2441.4878
FDQ20,OUT035,752.4379
DRB24,OUT017,2490.629
DRI51,OUT027,4578.6553
FDJ60,OUT035,2736.4756
FDB40,OUT010,234.14487
FDO15,OUT017,1488.2002
FDI53,OUT035,2501.062
FDZ14,OUT046,1948.6919
NCD54,OUT019,350.96515
FDF28,OUT046,1911.1687
FDD39,OUT017,3427.9814
NCN54,OUT046,1241.7325
NCO41,OUT017,1807.1956
FDH45,OUT046,742.8508
NCD55,OUT010,201.90678
DRK35,OUT017,604.44525
FDM25,OUT017,2606.8645
NCW30,OUT035,4138.816
FDU15,OUT045,802.3433
DRN35,OUT046,560.34155
FDN28,OUT049,1473.7605
NCK29,OUT010,133.51245
FDA49,OUT049,1290.604
FDE40,OUT019,428.9989
FDD52,OUT049,1605.9033
FDZ31,OUT018,2584.0713
FDA13,OUT027,1423.2848
FDU08,OUT013,1420.21
FDU15,OUT046,869.08997
FDD45,OUT035,1639.4138
FDY50,OUT045,1210.2808
FDD08,OUT049,544.32214
NCE30,OUT045,3168.2212
FDB05,OUT049,3979.4258
FDS09,OUT045,694.23267
FDZ07,OUT018,811.72766
FDS57,OUT035,2295.4736
FDX28,OUT018,1177.6786
FDN56,OUT019,334.97046
FDX44,OUT035,1525.9188
NCF19,OUT027,1433.3123
NCA17,OUT018,2058.9668
FDY40,OUT046,738.2619
NCX54,OUT035,1672.8223
FDK28,OUT046,4177.7456
FDI32,OUT027,3032.8904
FDT11,OUT018,2616.4045
FDO32,OUT017,777.4597
DRJ01,OUT027,4249.7173
FDW02,OUT045,1790.4739
NCK30,OUT013,3878.4878
NCM43,OUT013,2321.7559
FDJ14,OUT046,1369.2175
FDE59,OUT035,679.8125
FDN10,OUT045,1808.447
NCC18,OUT046,2719.7578
FDN34,OUT019,387.5057
FDU12,OUT018,3990.697
FDR33,OUT046,1874.8201
FDP33,OUT013,4107.887
FDT49,OUT013,1489.6238
FDK02,OUT035,2059.7463
NCM07,OUT046,1399.4542
FDX38,OUT046,728.72876
FDS56,OUT010,838.50183
FDU26,OUT049,1820.894
FDR16,OUT049,3437.2244
FDA58,OUT046,3685.6597
FDI26,OUT018,2459.7742
FDU36,OUT035,1714.3231
FDG60,OUT035,3852.9668
FDH14,OUT010,228.44966
FDQ37,OUT027,4290.597
FDW23,OUT013,475.47354
FDM03,OUT017,1923.4136
FDB58,OUT013,2101.206
FDR09,OUT013,3993.816
FDR48,OUT018,2098.3464
FDZ52,OUT046,1625.9785
DRD60,OUT049,3089.0437
FDJ14,OUT013,1184.2914
NCY29,OUT046,1061.8688
NCP41,OUT013,1637.6403
FDK46,OUT045,4216.2153
FDI48,OUT013,719.64966
FDX48,OUT019,347.70282
NCI29,OUT049,2275.3726
FDL51,OUT046,3552.2988
FDU21,OUT017,689.98346
FDA08,OUT019,318.14972
FDK03,OUT018,3677.526
DRH39,OUT049,1151.8649
NCR18,OUT018,657.583
NCX42,OUT046,2566.253
FDR15,OUT049,2706.3394
FDN60,OUT019,274.26355
FDH24,OUT017,2592.1934
FDY50,OUT027,2441.9685
FDT26,OUT049,1746.0349
NCC30,OUT035,2858.0833
NCE43,OUT046,2605.9475
DRK39,OUT017,1391.1614
FDL16,OUT013,545.0279
FDQ36,OUT018,687.36053
FDS34,OUT035,1922.0532
FDN32,OUT045,2817.842
FDZ23,OUT045,2900.987
DRL49,OUT049,2278.4446
FDG33,OUT035,3029.6682
FDG04,OUT045,2623.027
FDR04,OUT045,1339.652
FDF52,OUT035,2798.6128
FDT36,OUT010,184.18253
FDH17,OUT013,1308.5576
NCL42,OUT017,3839.069
DRN35,OUT018,674.35406
FDL21,OUT019,377.903
FDX07,OUT027,4940.843
FDW16,OUT046,1389.2025
FDS11,OUT027,5874.873
NCZ54,OUT018,2278.785
FDH32,OUT035,1617.2965
NCQ17,OUT027,4130.5474
FDK38,OUT035,2461.7173
NCF55,OUT013,587.6042
FDW39,OUT018,2603.231
FDX36,OUT019,491.90247
FDD47,OUT045,2570.8176
FDQ46,OUT013,1633.2491
FDE56,OUT027,1947.2784
FDY39,OUT019,327.26797
FDG05,OUT046,2301.394
NCR54,OUT019,380.2213
FDX57,OUT018,1335.5593
FDC17,OUT027,5137.857
DRL60,OUT019,232.97084
FDO32,OUT013,529.1646
NCO29,OUT013,2438.273
FDJ36,OUT027,2887.4458
NCF54,OUT045,2536.8286
FDV04,OUT035,2450.042
NCK30,OUT010,784.76355
FDX09,OUT019,289.04456
FDH53,OUT013,1062.1483
FDT22,OUT045,794.5853
DRF25,OUT019,374.90955
FDG56,OUT045,937.3495
FDG38,OUT027,2623.6248
FDS34,OUT045,1672.1625
FDP44,OUT049,1585.0244
FDW03,OUT013,1733.582
FDU25,OUT018,693.5771
NCR17,OUT045,1727.0182
FDY39,OUT018,2735.0469
FDA03,OUT049,2274.162
FDG58,OUT046,2482.3586
NCB19,OUT017,1385.3545
FDI07,OUT049,3681.907
NCS06,OUT035,4097.657
FDX03,OUT010,213.08809
NCK29,OUT046,2051.2168
FDH16,OUT013,1100.145
FDA55,OUT027,5713.2144
FDS20,OUT049,3008.9495
FDS31,OUT046,2836.7178
FDA23,OUT027,2742.5073
NCU18,OUT035,2209.2695
FDE11,OUT013,2689.7485
FDE44,OUT045,760.6276
FDV51,OUT046,2784.1677
FDK51,OUT017,4527.0586
FDR36,OUT045,633.2898
FDU40,OUT046,2963.3901
FDU37,OUT027,2485.4028
FDV47,OUT013,1269.0461
FDF04,OUT019,705.3249
FDX16,OUT035,2225.146
NCL05,OUT013,640.92035
NCL30,OUT027,3144.9463
NCR06,OUT046,715.24384
FDX03,OUT045,882.6152
FDR32,OUT046,3861.7988
FDX04,OUT035,722.61346
DRH01,OUT017,2654.4739
FDO57,OUT045,2439.0073
FDD11,OUT027,6452.0176
DRM47,OUT010,429.13177
NCC54,OUT035,3870.6191
FDC45,OUT049,2857.0347
FDW46,OUT019,443.57812
FDP40,OUT013,1521.2883
FDM08,OUT010,658.06946
FDV52,OUT049,1647.3044
DRB24,OUT045,2265.0269
NCC54,OUT010,781.0039
FDV38,OUT019,380.44702
FDB36,OUT045,1986.6809
DRH51,OUT019,321.18762
FDV45,OUT027,4806.0347
NCL29,OUT027,4044.0537
FDU14,OUT010,777.99225
FDH17,OUT035,1516.5071
FDQ15,OUT035,1520.1172
FDZ44,OUT017,1924.9324
FDM32,OUT018,1133.8729
NCP29,OUT035,1142.1919
FDG53,OUT017,2130.3213
FDT25,OUT018,1631.331
FDM39,OUT027,4595.735
FDW35,OUT045,717.11224
FDD10,OUT010,429.15125
FDH08,OUT027,6076.5425
DRG37,OUT018,2073.507
FDU01,OUT017,2996.401
NCZ17,OUT018,537.64966
FDU34,OUT027,3159.0737
FDB16,OUT035,1452.146
FDG10,OUT010,164.99474
FDH46,OUT013,1461.5153
FDC16,OUT027,2526.6555
FDH50,OUT035,2991.151
NCZ18,OUT046,3802.5059
FDJ32,OUT046,976.91455
DRI23,OUT035,2493.5015
DRD01,OUT049,875.02594
FDY02,OUT045,4365.974
FDG38,OUT049,1381.5018
NCG30,OUT049,1885.1318
FDO31,OUT018,1059.1826
NCU42,OUT045,2583.7742
NCG30,OUT045,1788.8888
NCA30,OUT046,2998.5894
FDF29,OUT013,1799.4465
FDI14,OUT049,2244.0422
FDY57,OUT049,1554.3557
FDT27,OUT027,5973.404
FDM46,OUT027,2487.977
NCD30,OUT027,2553.1992
FDJ15,OUT027,4714.1313
NCW05,OUT045,1546.6765
FDT13,OUT010,469.9709
NCP06,OUT010,273.04465
FDP03,OUT045,2006.4504
NCM30,OUT019,457.7304
FDK20,OUT013,1852.8821
FDX01,OUT049,1795.4749
FDV57,OUT017,2915.9849
FDY34,OUT045,2533.0051
FDP37,OUT019,331.01654
FDP22,OUT035,904.0417
FDS25,OUT046,1770.9573
NCY18,OUT018,2494.131
FDO08,OUT013,2416.7117
NCI43,OUT027,1484.8833
FDH16,OUT046,1278.7289
NCZ05,OUT019,318.0086
DRE49,OUT045,2251.8718
FDO09,OUT027,6372.6436
FDA08,OUT013,2408.262
NCD55,OUT017,661.33746
NCR50,OUT013,2277.762
NCC06,OUT049,1914.7936
FDC34,OUT013,2279.9883
FDQ49,OUT019,300.29376
FDS60,OUT013,2771.6123
FDP10,OUT013,1509.8562
FDW46,OUT035,1160.2726
FDG53,OUT010,208.56618
FDP57,OUT035,1741.402
NCP43,OUT019,311.1614
FDW49,OUT017,2876.1443
FDA28,OUT010,185.14418
NCS42,OUT035,1492.3845
FDP21,OUT027,4930.438
DRJ39,OUT046,3710.5513
FDH12,OUT017,1786.8267
FDQ13,OUT049,1284.937
NCQ06,OUT018,3506.1228
FDL40,OUT027,2437.5745
NCE54,OUT018,824.2942
FDL58,OUT010,890.1997
FDW38,OUT018,686.81775
FDD17,OUT013,3599.0635
FDK25,OUT049,2284.277
FDR22,OUT027,3112.4785
FDU35,OUT045,1541.4331
FDR35,OUT045,3124.65
NCZ18,OUT018,3458.8223
FDF22,OUT010,610.86505
FDD17,OUT045,3689.0562
DRD37,OUT046,744.5397
FDC08,OUT046,3568.2783
FDU57,OUT046,2354.9526
FDZ58,OUT049,1882.12
FDY01,OUT035,1883.144
FDG09,OUT018,2595.1782
NCE54,OUT046,1146.639
FDB34,OUT045,1319.7772
FDT24,OUT046,1410.834
FDZ08,OUT013,1188.779
NCI54,OUT049,1694.3617
FDU34,OUT049,1881.8885
FDP23,OUT013,3474.1003
NCV29,OUT019,236.63718
FDG10,OUT027,1824.985
FDZ56,OUT019,380.60938
NCL41,OUT035,751.2642
FDM39,OUT013,2535.299
NCZ54,OUT049,2427.4556
FDT59,OUT049,4260.489
FDV20,OUT018,1732.8782
NCE43,OUT017,2665.072
FDP15,OUT027,6513.348
FDO16,OUT018,842.0396
NCP41,OUT019,281.7079
DRD01,OUT045,858.2624
FDM56,OUT017,1730.1274
FDS22,OUT045,731.3146
FDX20,OUT049,4189.458
FDE34,OUT017,2979.6174
FDV50,OUT046,1882.3528
NCU17,OUT017,1657.2294
NCP53,OUT027,6067.746
FDW09,OUT010,185.71286
FDW55,OUT046,4506.6904
NCE31,OUT027,1093.9385
FDO49,OUT046,670.9297
FDH34,OUT019,261.03073
FDJ38,OUT013,2785.2979
FDG32,OUT046,3608.4512
DRQ35,OUT017,1876.3806
FDK25,OUT019,402.39658
FDD58,OUT018,1223.0188
FDB15,OUT035,4365.485
DRF60,OUT018,3516.3635
FDH04,OUT019,369.1938
FDM04,OUT049,817.5214
FDO58,OUT049,2750.3784
FDQ24,OUT017,4285.3286
DRP35,OUT045,1662.0385
DRI47,OUT013,1907.1351
FDF35,OUT013,1541.6299
FDP31,OUT046,1071.3951
FDQ52,OUT018,3294.4612
FDM12,OUT035,3121.3088
NCS42,OUT046,1466.3318
FDO31,OUT017,1408.7734
FDU19,OUT046,2761.682
NCE19,OUT027,1437.9021
FDR16,OUT035,3302.1418
FDF56,OUT045,2668.2065
DRJ59,OUT010,247.09193
FDH16,OUT027,2316.3193
FDI28,OUT049,1182.3511
FDC58,OUT027,1603.2656
FDU13,OUT046,2270.043
FDX58,OUT046,2896.3154
FDU16,OUT045,1239.1425
FDX35,OUT045,3828.1174
FDL21,OUT046,790.81055
DRM37,OUT013,2825.5356
FDR35,OUT049,3518.2969
FDW32,OUT010,185.99481
FDY34,OUT027,4309.9214
FDQ44,OUT013,1760.934
DRD24,OUT049,2179.542
DRE12,OUT045,1657.2705
NCX29,OUT013,2168.5098
FDS07,OUT018,1466.8611
FDI27,OUT027,1668.4928
FDL02,OUT013,1492.7787
FDN58,OUT018,3325.4414
DRK12,OUT045,473.75842
FDC60,OUT046,1465.9617
FDV45,OUT049,3088.409
FDB23,OUT045,3805.07
NCA29,OUT046,2720.0264
FDO20,OUT018,3599.0442
NCH55,OUT019,329.59653
FDO32,OUT045,620.5605
FDS59,OUT019,331.56012
FDR59,OUT013,4558.4165
FDS55,OUT045,2205.7983
FDT21,OUT035,4047.345
NCR38,OUT046,3870.6045
FDJ22,OUT045,2857.6167
FDB57,OUT017,3636.7864
FDR52,OUT013,2688.5105
NCO41,OUT046,1668.3281
FDG47,OUT010,829.09094
FDB44,OUT017,3558.2993
FDY14,OUT046,4527.21
NCN55,OUT017,3734.3396
FDV48,OUT018,1050.2189
FDA21,OUT035,3036.41
FDZ27,OUT049,732.50867
FDW58,OUT013,1536.1428
FDH45,OUT049,633.2877
FDH38,OUT019,301.44818
FDL43,OUT046,1405.8856
FDD38,OUT027,3103.5444
FDV02,OUT049,2817.5828
NCF31,OUT046,2363.7483
NCN05,OUT018,2626.8403
FDZ16,OUT013,2596.8127
NCT18,OUT027,4303.8105
NCP50,OUT035,1324.3706
FDW13,OUT019,399.36942
NCS53,OUT017,2620.9805
DRG03,OUT046,2317.026
DRE60,OUT017,3644.5342
FDK21,OUT045,4121.781
FDF52,OUT019,287.85748
NCN43,OUT019,252.3025
FDW13,OUT046,950.86804
FDW14,OUT035,1493.0634
FDG24,OUT046,1427.2642
FDR19,OUT045,2105.3257
NCG06,OUT027,6143.7314
FDK10,OUT035,2956.584
DRK12,OUT017,606.9096
FDY55,OUT045,4426.5684
FDV04,OUT027,3676.982
FDE23,OUT046,906.86755
FDI08,OUT018,3759.9038
DRA12,OUT010,214.9309
FDF22,OUT018,2953.871
FDQ57,OUT049,2254.6484
FDP07,OUT046,3114.855
DRE37,OUT035,3088.75
DRF25,OUT013,498.0476
DRF03,OUT013,505.49225
FDN51,OUT035,4523.1274
FDD21,OUT018,1531.1097
NCY42,OUT046,2327.7927
FDH28,OUT027,1197.2438
NCZ29,OUT010,182.00319
FDN60,OUT046,2603.043
NCW06,OUT018,2649.3447
NCS30,OUT018,1624.0007
FDW26,OUT010,643.1418
FDQ01,OUT049,4783.066
FDH27,OUT019,298.8198
NCX41,OUT018,2956.3062
FDH58,OUT049,1816.2848
DRB25,OUT010,97.38886
FDG45,OUT045,3281.1875
FDP11,OUT046,3624.095
FDV19,OUT046,2571.1711
FDT32,OUT046,3069.4253
NCU53,OUT035,2789.9785
NCA30,OUT035,2924.3647
FDH20,OUT017,1734.1957
DRD25,OUT046,1936.8237
FDK25,OUT035,2435.9692
FDF02,OUT049,1477.9915
FDC04,OUT049,4385.292
FDH21,OUT013,2519.6033
DRG03,OUT018,1967.0125
NCY06,OUT017,2067.3054
FDM08,OUT045,3671.9414
NCD31,OUT049,2601.81
FDU09,OUT027,1763.0337
FDB49,OUT018,1393.7848
FDQ58,OUT045,2306.243
FDJ58,OUT017,2724.4238
NCN30,OUT027,2252.752
FDA52,OUT049,2452.2026
NCN42,OUT027,3466.8997
FDF04,OUT046,4257.7837
FDY15,OUT018,2000.9263
FDT03,OUT027,4920.723
DRL59,OUT019,419.80402
FDW08,OUT018,1334.386
FDO50,OUT013,1314.8065
FDP26,OUT018,1218.4851
FDX01,OUT010,133.43149
FDU22,OUT017,1947.1221
FDQ08,OUT035,1134.0292
NCN54,OUT035,1335.1497
FDR01,OUT027,5277.3413
FDB53,OUT027,3357.7456
DRN47,OUT035,2743.5046
FDR39,OUT046,3081.0
NCL30,OUT046,2027.012
FDT02,OUT018,560.8087
FDT25,OUT049,1935.6033
FDH53,OUT017,1346.2413
DRB48,OUT017,752.94745
FDX16,OUT010,252.34848
FDH48,OUT045,1338.3722
FDF20,OUT013,2957.6763
FDJ03,OUT010,212.60432
DRJ35,OUT017,803.17706
NCN17,OUT013,1510.6501
FDN09,OUT035,3959.0952
NCR30,OUT013,936.26746
FDW23,OUT049,644.72614
DRN35,OUT010,216.43843
FDL08,OUT045,4032.9849
DRL35,OUT017,633.66754
NCS42,OUT049,1345.7776
NCY29,OUT027,1802.5922
FDO32,OUT018,584.914
NCU17,OUT035,1724.2838
FDY03,OUT027,3065.4653
NCI30,OUT019,634.841
FDI04,OUT027,4636.1523
FDC35,OUT013,3069.11
FDN38,OUT046,4474.9907
FDJ48,OUT046,4206.7983
FDH57,OUT035,2202.3145
FDI40,OUT046,1569.0256
FDF50,OUT027,5002.647
FDA07,OUT013,1827.7698
FDZ60,OUT018,1399.6328
FDW38,OUT017,868.2028
NCF55,OUT046,524.5402
FDR37,OUT046,2610.839
FDZ33,OUT049,2225.669
FDV01,OUT045,2309.1812
FDI02,OUT018,1495.5095
DRH25,OUT013,685.91534
NCY29,OUT018,630.99
FDR04,OUT027,2459.7935
FDR44,OUT045,1927.6793
FDJ41,OUT017,4258.9834
FDL43,OUT027,2513.4763
FDB21,OUT017,4087.1191
NCU42,OUT018,2300.6108
FDY21,OUT013,2896.466
FDK58,OUT046,1802.8514
DRD13,OUT049,1033.2985
FDU35,OUT046,1703.3527
FDX23,OUT010,103.91556
FDQ39,OUT045,3007.161
FDR31,OUT027,4047.0916
FDS28,OUT035,895.15393
DRN36,OUT045,1443.5781
FDX60,OUT027,2291.1987
NCB54,OUT017,2081.3364
FDC15,OUT018,1960.425
NCP17,OUT027,2132.3008
FDY39,OUT049,3230.7256
FDH33,OUT049,711.9059
FDG09,OUT027,4962.921
FDO10,OUT027,1838.4854
FDD39,OUT027,5487.342
FDJ09,OUT045,732.96344
DRQ35,OUT049,1700.7944
FDV38,OUT049,727.7571
FDJ60,OUT013,2532.16
FDJ15,OUT017,2890.041
FDR08,OUT049,1707.9723
FDZ55,OUT046,2543.5376
FDL10,OUT045,1526.0138
FDJ34,OUT027,3283.7173
FDW60,OUT027,4853.4146
FDK08,OUT046,1574.5834
NCE42,OUT035,3693.3914
FDR39,OUT017,3116.4097
NCN17,OUT018,1340.4463
NCR05,OUT045,3166.4722
FDV48,OUT027,2449.174
DRF27,OUT018,2084.198
NCF07,OUT049,1588.5753
FDF40,OUT035,3994.6077
FDO28,OUT049,1763.8009
FDB23,OUT018,3415.5713
FDV48,OUT049,1433.6753
FDM45,OUT046,1961.999
FDC16,OUT045,1261.8948
DRE25,OUT027,2802.5015
FDY35,OUT049,839.208
FDR22,OUT045,1641.2261
FDZ10,OUT049,1979.56
FDY15,OUT019,452.33087
DRA24,OUT013,2302.3835
FDV37,OUT045,3098.9204
FDO10,OUT035,1112.155
FDR59,OUT027,6624.168
FDR34,OUT018,3221.1548
FDG16,OUT017,3186.9978
FDO03,OUT027,6045.149
FDC09,OUT049,1634.0575
FDJ52,OUT035,2442.077
FDL33,OUT010,506.0423
FDJ53,OUT017,1764.2897
FDX08,OUT019,239.451
FDK32,OUT045,2376.3162
FDM20,OUT017,4402.569
NCJ42,OUT017,1682.6417
FDI50,OUT018,3395.1987
FDZ15,OUT035,1941.013
NCK18,OUT045,2482.817
FDW33,OUT017,1733.5735
NCT05,OUT018,3965.59
FDZ16,OUT019,444.16156
NCV17,OUT046,2159.2224
FDE34,OUT018,2497.2314
FDH44,OUT045,2243.7896
NCK06,OUT045,1799.5531
FDS46,OUT049,1830.1307
NCO42,OUT018,1998.7363
FDL13,OUT049,3692.5247
FDK14,OUT017,1440.614
FDX13,OUT045,4430.7104
DRI47,OUT018,1815.9746
FDG22,OUT017,793.59265
FDA13,OUT049,623.0802
FDE46,OUT046,2525.8716
FDX25,OUT017,2807.7935
FDC58,OUT017,798.3837
NCA42,OUT017,2551.6362
FDV01,OUT049,2470.7075
FDU24,OUT046,1546.5581
FDO51,OUT018,652.0174
NCN14,OUT010,430.69568
FDT37,OUT019,763.7292
FDY09,OUT010,436.9238
NCG06,OUT013,3896.544
FDG40,OUT010,186.07024
FDQ47,OUT035,678.14557
DRH59,OUT010,156.94115
FDH48,OUT017,1489.1943
FDE34,OUT035,2919.8757
NCM05,OUT049,5076.685
FDU55,OUT049,5134.738
FDS60,OUT035,3046.9902
FDZ32,OUT013,1612.3992
FDP12,OUT045,626.3707
NCL31,OUT027,3511.0342
FDR32,OUT019,508.1544
FDL08,OUT027,6368.899
FDY34,OUT049,2659.34
DRG23,OUT018,2037.947
FDD04,OUT013,1956.8224
FDX37,OUT017,1659.581
FDM09,OUT018,2344.2256
FDA52,OUT013,2439.17
NCV41,OUT018,1527.8463
FDB20,OUT035,1312.1045
FDD28,OUT017,886.57794
FDI38,OUT010,558.7875
FDA28,OUT035,2002.7223
FDB32,OUT027,2799.3237
NCS54,OUT035,2849.9045
NCA17,OUT017,2578.1235
FDR14,OUT013,526.67444
FDS58,OUT049,2504.788
FDU08,OUT018,1270.0273
FDI60,OUT010,131.96938
FDU40,OUT018,2523.2795
FDX46,OUT027,1672.915
FDG41,OUT017,1744.4055
FDD14,OUT019,321.8577
FDX45,OUT027,3860.5325
NCN30,OUT035,1697.4292
DRH13,OUT046,1758.9061
NCP30,OUT017,687.39856
FDT52,OUT046,3965.9253
FDS36,OUT017,1888.0326
FDB03,OUT018,3265.2817
FDO09,OUT046,4228.165
FDD28,OUT027,1490.8954
FDF08,OUT045,1361.2369
FDB49,OUT010,155.07196
FDB08,OUT035,2648.953
NCP06,OUT049,2314.2222
FDH28,OUT045,572.224
FDU20,OUT019,342.17136
DRB25,OUT017,1715.6697
NCM30,OUT017,687.35846
FDU57,OUT010,279.33264
FDF56,OUT019,364.05978
NCT30,OUT035,739.57385
FDX15,OUT018,2350.4734
FDX58,OUT017,2919.2954
FDQ08,OUT010,130.13545
DRL23,OUT013,1369.1576
FDA25,OUT035,1819.7794
FDV09,OUT049,2361.5835
FDQ46,OUT018,1439.6284
FDH41,OUT027,5131.9395
FDY20,OUT017,1565.5347
FDO37,OUT035,3524.332
FDZ55,OUT045,2386.4436
FDS32,OUT027,3897.974
FDV50,OUT049,1816.021
NCV30,OUT045,912.6704
FDP16,OUT018,3318.4734
FDW39,OUT046,2947.3276
FDN39,OUT013,2746.996
FDV55,OUT049,2219.229
FDZ20,OUT035,4171.387
FDK02,OUT049,1871.9346
FDK10,OUT018,2488.871
NCQ41,OUT018,2721.3286
FDA11,OUT017,1703.6122
FDN13,OUT045,1179.3413
NCA42,OUT010,326.03015
NCX30,OUT013,3619.9695
FDL10,OUT027,2713.35
FDQ33,OUT049,2281.9744
NCE42,OUT046,3671.9077
FDH58,OUT018,1582.7456
FDF33,OUT045,1821.7583
DRK49,OUT035,709.9416
NCK19,OUT046,3010.1377
FDT24,OUT027,2497.316
FDI57,OUT018,2995.496
NCQ06,OUT027,6039.8755
FDB16,OUT013,1189.8713
FDB57,OUT046,3770.9692
DRD13,OUT018,755.91345
FDC41,OUT013,877.8418
FDW59,OUT013,1363.9169
FDO49,OUT049,606.7533
FDO08,OUT010,354.32034
NCV06,OUT019,320.61444
NCY06,OUT046,2092.1772
FDL03,OUT018,3014.0803
NCL31,OUT049,2124.412
FDU46,OUT017,1473.1147
FDF04,OUT017,4192.587
FDX31,OUT019,576.39276
FDI24,OUT035,2964.0525
FDY28,OUT019,376.66174
DRN11,OUT017,2016.1036
FDB10,OUT049,4137.8325
FDI60,OUT046,1161.1941
FDN15,OUT027,4039.4775
NCE18,OUT035,3959.4534
NCE43,OUT027,3843.432
NCN53,OUT018,549.8562
NCX41,OUT019,461.24365
FDO52,OUT013,2334.9775
FDW45,OUT013,2122.4707
FDN45,OUT027,5484.5337
FDD38,OUT017,1806.5905
FDK27,OUT019,268.62256
FDG40,OUT046,621.9325
FDA34,OUT049,3143.683
FDX48,OUT017,2641.2883
FDY37,OUT027,4156.052
DRE48,OUT018,2693.7043
FDT58,OUT049,2554.617
FDA19,OUT010,169.61592
FDG52,OUT035,715.6646
FDA32,OUT019,484.73273
NCM19,OUT045,1642.0764
NCF42,OUT045,2540.4128
FDV23,OUT035,2114.017
DRA59,OUT010,441.38403
FDA01,OUT027,2003.2802
FDX44,OUT027,2735.8564
FDW25,OUT035,1456.4658
NCM05,OUT019,831.5979
NCJ54,OUT035,3685.1348
NCK07,OUT018,2151.2256
NCX05,OUT017,1900.3308
FDV39,OUT046,3367.829
FDI19,OUT045,4168.8477
FDT12,OUT046,3664.5503
FDF12,OUT013,2232.989
NCQ54,OUT027,4112.988
FDU10,OUT013,490.51166
NCK53,OUT018,1327.8286
FDB51,OUT046,988.8735
FDT10,OUT017,1044.7017
NCU53,OUT013,2436.484
FDJ40,OUT013,1487.7772
NCQ05,OUT019,224.75793
FDV15,OUT046,1810.6879
FDD41,OUT049,1446.4502
FDT20,OUT045,474.54147
FDM44,OUT013,1521.5701
FDG21,OUT045,2515.7764
DRZ11,OUT045,1845.7668
FDC59,OUT018,757.1668
NCD43,OUT045,1538.9985
DRL49,OUT010,246.08315
NCE07,OUT010,225.43501
FDM02,OUT017,1494.2504
DRJ49,OUT017,2120.3494
FDY25,OUT018,2412.7275
DRH39,OUT019,319.38257
FDB09,OUT019,285.14648
FDM38,OUT046,972.6815
FDY22,OUT035,2324.5981
FDP48,OUT017,3064.4863
NCT05,OUT013,4560.9194
NCS06,OUT046,4409.6714
FDD47,OUT049,2990.7305
FDZ49,OUT045,3448.5986
FDW59,OUT035,1493.1047
DRO47,OUT049,1533.8475
FDR46,OUT045,2145.5056
FDY59,OUT013,1416.257
NCU05,OUT045,1226.2452
DRJ25,OUT018,607.2276
FDU28,OUT046,2838.068
FDL50,OUT049,1959.3087
FDA43,OUT018,2589.9094
FDD08,OUT027,1599.8566
FDJ57,OUT018,2853.571
FDC39,OUT035,3233.7947
FDQ58,OUT035,2499.8066
FDA22,OUT035,2774.5898
FDP39,OUT049,999.6302
FDV44,OUT035,3140.7449
FDE04,OUT035,2895.2468
NCO30,OUT013,2684.3013
FDA44,OUT045,836.5919
FDI16,OUT010,233.18214
FDM15,OUT035,2688.0605
DRJ13,OUT035,2629.2373
FDT48,OUT027,5004.6494
FDH33,OUT046,732.28467
FDE14,OUT035,1775.0775
FDE26,OUT013,2068.782
FDN08,OUT018,1555.6201
NCO29,OUT018,2223.4285
FDK60,OUT049,1595.3925
FDX40,OUT019,414.83612
FDX15,OUT049,2644.4407
FDO28,OUT027,2874.5435
NCL05,OUT018,537.72784
FDT04,OUT045,551.50854
FDS26,OUT017,4573.862
FDV50,OUT018,1519.718
FDG02,OUT019,291.39035
FDC28,OUT046,1629.5159
FDK21,OUT049,4576.0776
NCO42,OUT017,2441.6704
FDB46,OUT045,3260.3147
NCH54,OUT019,472.30768
FDL26,OUT017,2531.4045
NCQ30,OUT045,1855.4556
FDY50,OUT035,1416.0669
FDX20,OUT019,484.27014
FDQ34,OUT035,1717.3716
FDN39,OUT035,2989.1013
FDB17,OUT046,2764.1233
FDQ31,OUT013,1214.6012
FDG59,OUT027,1688.3499
FDO56,OUT045,1859.0825
FDX11,OUT045,2759.3474
FDJ32,OUT013,835.045
FDV31,OUT049,3129.5872
FDB20,OUT045,1151.3973
FDQ45,OUT019,291.7957
FDW27,OUT049,2545.6553
NCT53,OUT017,2735.1833
NCS41,OUT027,4978.955
DRI47,OUT010,238.41518
NCJ42,OUT045,1500.0602
NCS17,OUT049,1536.6251
NCO41,OUT045,1523.6377
FDC05,OUT017,2972.9739
FDX34,OUT035,1940.811
FDL10,OUT049,1637.464
FDQ58,OUT019,268.08636
FDT56,OUT045,891.5806
FDZ28,OUT018,1587.5967
DRI11,OUT045,1536.2413
DRJ49,OUT013,1837.8295
DRK37,OUT027,5039.111
FDR20,OUT010,160.30434
DRG13,OUT027,4284.677
NCN14,OUT027,4595.7812
FDV13,OUT018,1118.4679
FDU44,OUT019,387.64664
FDO03,OUT018,3422.1782
FDT34,OUT046,1566.7811
FDP21,OUT017,3078.3936
NCI54,OUT017,1821.5732
FDE22,OUT035,2645.2402
FDJ57,OUT017,3249.6567
FDT08,OUT035,2476.7056
NCP54,OUT018,1587.501
NCK53,OUT035,1748.5875
NCQ42,OUT017,1991.5127
FDW21,OUT017,1694.7609
NCH43,OUT045,3134.3557
FDQ44,OUT035,2014.6655
NCN18,OUT027,2493.5044
FDB46,OUT018,2913.511
DRF37,OUT018,3869.119
FDN28,OUT035,1576.646
FDW31,OUT045,3047.7769
FDG45,OUT010,594.889
FDN58,OUT035,3721.5703
FDF05,OUT018,3672.789
FDR26,OUT013,2559.3467
FDH31,OUT035,1987.8947
FDA01,OUT045,899.9863
FDH24,OUT018,2270.0586
NCJ19,OUT018,582.193
FDF53,OUT046,2690.812
FDF22,OUT013,3141.1367
FDS36,OUT045,1745.2305
NCJ29,OUT035,1458.0249
FDN46,OUT018,1328.7535
DRG01,OUT046,1199.7405
